PatientID,img4096,img256,img16,Cluster,Split,event,days,Grade,codeletion,idh mutation
TCGA-06-0876,TCGA-06-0876-01Z-00-DX1_1.npy,TCGA-06-0876-01Z-00-DX1_1_256_1.npy,TCGA-06-0876-01Z-00-DX1_1_16_1.npy,0,Train,1,1405,G4,0,0
TCGA-06-0876,TCGA-06-0876-01Z-00-DX2_1.npy,,,0,Train,1,1405,G4,0,0
TCGA-06-0878,TCGA-06-0878-01Z-00-DX1_1.npy,,,0,Train,1,218,G4,0,0
TCGA-06-0878,TCGA-06-0878-01Z-00-DX1_2.npy,,,0,Train,1,218,G4,0,0
TCGA-06-0878,TCGA-06-0878-01Z-00-DX2_1.npy,,,0,Train,1,218,G4,0,0
TCGA-06-0878,TCGA-06-0878-01Z-00-DX2_2.npy,,,0,Train,1,218,G4,0,0
TCGA-06-0879,TCGA-06-0879-01Z-00-DX1_1.npy,,,0,Train,0,1229,G4,0,0
TCGA-06-0879,TCGA-06-0879-01Z-00-DX1_2.npy,,,0,Valid,0,1229,G4,0,0
TCGA-06-0879,TCGA-06-0879-01Z-00-DX2_1.npy,,,0,Train,0,1229,G4,0,0
TCGA-06-1084,TCGA-06-1084-01Z-00-DX2_1.npy,,,0,Valid,0,728,G4,0,0
TCGA-06-1084,TCGA-06-1084-01Z-00-DX2_2.npy,,,0,Train,0,728,G4,0,0
TCGA-06-1086,TCGA-06-1086-01Z-00-DX1_1.npy,,,0,Train,0,208,G4,-1,-1
TCGA-06-1086,TCGA-06-1086-01Z-00-DX1_2.npy,,,0,Valid,0,208,G4,-1,-1
TCGA-06-1087,TCGA-06-1087-01Z-00-DX1_1.npy,,,0,Valid,0,123,G4,0,0
TCGA-06-1087,TCGA-06-1087-01Z-00-DX1_2.npy,,,0,Train,0,123,G4,0,0
TCGA-06-1087,TCGA-06-1087-01Z-00-DX2_1.npy,,,0,Train,0,123,G4,0,0
TCGA-06-1800,TCGA-06-1800-01Z-00-DX1_1.npy,,,0,Train,0,815,G4,0,0
TCGA-06-1800,TCGA-06-1800-01Z-00-DX2_1.npy,,,0,Train,0,815,G4,0,0
TCGA-06-1800,TCGA-06-1800-01Z-00-DX2_2.npy,,,0,Train,0,815,G4,0,0
TCGA-06-1801,TCGA-06-1801-01Z-00-DX1_1.npy,,,0,Train,0,360,G4,0,0
TCGA-06-1801,TCGA-06-1801-01Z-00-DX1_2.npy,,,0,Train,0,360,G4,0,0
TCGA-06-1801,TCGA-06-1801-01Z-00-DX2_1.npy,,,0,Train,0,360,G4,0,0
TCGA-06-1801,TCGA-06-1801-01Z-00-DX2_2.npy,,,0,Train,0,360,G4,0,0
TCGA-06-1805,TCGA-06-1805-01Z-00-DX1_1.npy,,,0,Train,1,1031,G4,0,1
TCGA-06-1805,TCGA-06-1805-01Z-00-DX2_1.npy,,,0,Train,1,1031,G4,0,1
TCGA-06-1805,TCGA-06-1805-01Z-00-DX2_2.npy,,,0,Valid,1,1031,G4,0,1
TCGA-12-0670,TCGA-12-0670-01Z-00-DX1_1.npy,,,0,Train,0,790,G4,0,0
TCGA-12-0670,TCGA-12-0670-01Z-00-DX1_2.npy,,,0,Train,0,790,G4,0,0
TCGA-12-0670,TCGA-12-0670-01Z-00-DX3_1.npy,,,0,Train,0,790,G4,0,0
TCGA-12-0670,TCGA-12-0670-01Z-00-DX3_2.npy,,,0,Train,0,790,G4,0,0
TCGA-12-0670,TCGA-12-0670-01Z-00-DX4_1.npy,,,0,Valid,0,790,G4,0,0
TCGA-12-0670,TCGA-12-0670-01Z-00-DX4_2.npy,,,0,Train,0,790,G4,0,0
TCGA-12-0820,TCGA-12-0820-01Z-00-DX1_1.npy,,,0,Train,0,562,G4,0,0
TCGA-12-0820,TCGA-12-0820-01Z-00-DX1_2.npy,,,0,Train,0,562,G4,0,0
TCGA-12-0821,TCGA-12-0821-01Z-00-DX1_1.npy,,,0,Train,0,323,G4,0,0
TCGA-12-0821,TCGA-12-0821-01Z-00-DX1_2.npy,,,0,Train,0,323,G4,0,0
TCGA-12-0821,TCGA-12-0821-01Z-00-DX2_1.npy,,,0,Valid,0,323,G4,0,0
TCGA-12-0821,TCGA-12-0821-01Z-00-DX2_2.npy,,,0,Train,0,323,G4,0,0
TCGA-12-0821,TCGA-12-0821-01Z-00-DX3_1.npy,,,0,Train,0,323,G4,0,0
TCGA-12-0821,TCGA-12-0821-01Z-00-DX3_2.npy,,,0,Train,0,323,G4,0,0
TCGA-12-0822,TCGA-12-0822-01Z-00-DX1_1.npy,,,0,Train,0,715,G4,0,0
TCGA-12-0822,TCGA-12-0822-01Z-00-DX1_2.npy,,,0,Train,0,715,G4,0,0
TCGA-12-0822,TCGA-12-0822-01Z-00-DX2_1.npy,,,0,Train,0,715,G4,0,0
TCGA-12-0822,TCGA-12-0822-01Z-00-DX2_2.npy,,,0,Valid,0,715,G4,0,0
TCGA-12-0822,TCGA-12-0822-01Z-00-DX4_1.npy,,,0,Train,0,715,G4,0,0
TCGA-12-0822,TCGA-12-0822-01Z-00-DX4_2.npy,,,0,Valid,0,715,G4,0,0
TCGA-12-0826,TCGA-12-0826-01Z-00-DX1_1.npy,,,0,Train,0,845,G4,0,0
TCGA-12-0826,TCGA-12-0826-01Z-00-DX1_2.npy,,,0,Train,0,845,G4,0,0
TCGA-12-0826,TCGA-12-0826-01Z-00-DX2_1.npy,,,0,Train,0,845,G4,0,0
TCGA-12-0826,TCGA-12-0826-01Z-00-DX2_2.npy,,,0,Train,0,845,G4,0,0
TCGA-12-0826,TCGA-12-0826-01Z-00-DX3_1.npy,,,0,Train,0,845,G4,0,0
TCGA-12-0826,TCGA-12-0826-01Z-00-DX3_2.npy,,,0,Train,0,845,G4,0,0
TCGA-12-0827,TCGA-12-0827-01Z-00-DX1_1.npy,,,0,Train,0,1179,G4,0,1
TCGA-12-0827,TCGA-12-0827-01Z-00-DX1_2.npy,,,0,Valid,0,1179,G4,0,1
TCGA-12-0827,TCGA-12-0827-01Z-00-DX2_1.npy,,,0,Train,0,1179,G4,0,1
TCGA-12-0827,TCGA-12-0827-01Z-00-DX2_2.npy,,,0,Train,0,1179,G4,0,1
TCGA-12-0827,TCGA-12-0827-01Z-00-DX3_1.npy,,,0,Train,0,1179,G4,0,1
TCGA-12-0827,TCGA-12-0827-01Z-00-DX3_2.npy,,,0,Valid,0,1179,G4,0,1
TCGA-12-0828,TCGA-12-0828-01Z-00-DX1_1.npy,,,0,Train,0,272,G4,0,0
TCGA-12-0828,TCGA-12-0828-01Z-00-DX1_2.npy,,,0,Train,0,272,G4,0,0
TCGA-12-0828,TCGA-12-0828-01Z-00-DX2_1.npy,,,0,Train,0,272,G4,0,0
TCGA-12-0828,TCGA-12-0828-01Z-00-DX2_2.npy,,,0,Train,0,272,G4,0,0
TCGA-12-0828,TCGA-12-0828-01Z-00-DX3_1.npy,,,0,Train,0,272,G4,0,0
TCGA-12-0829,TCGA-12-0829-01Z-00-DX1_1.npy,,,0,Train,0,626,G4,0,0
TCGA-12-0829,TCGA-12-0829-01Z-00-DX1_2.npy,,,0,Train,0,626,G4,0,0
TCGA-12-0829,TCGA-12-0829-01Z-00-DX2_1.npy,,,0,Train,0,626,G4,0,0
TCGA-12-0829,TCGA-12-0829-01Z-00-DX2_2.npy,,,0,Train,0,626,G4,0,0
TCGA-12-1088,TCGA-12-1088-01Z-00-DX1_1.npy,,,0,Train,0,3881,G4,0,0
TCGA-12-1088,TCGA-12-1088-01Z-00-DX2_1.npy,,,0,Train,0,3881,G4,0,0
TCGA-12-1088,TCGA-12-1088-01Z-00-DX2_2.npy,,,0,Valid,0,3881,G4,0,0
TCGA-12-1088,TCGA-12-1088-01Z-00-DX3_1.npy,,,0,Train,0,3881,G4,0,0
TCGA-12-1088,TCGA-12-1088-01Z-00-DX3_2.npy,,,0,Valid,0,3881,G4,0,0
TCGA-12-1089,TCGA-12-1089-01Z-00-DX1_1.npy,,,0,Valid,0,177,G4,0,0
TCGA-12-1089,TCGA-12-1089-01Z-00-DX1_2.npy,,,0,Train,0,177,G4,0,0
TCGA-12-1089,TCGA-12-1089-01Z-00-DX2_1.npy,,,0,Train,0,177,G4,0,0
TCGA-12-1089,TCGA-12-1089-01Z-00-DX2_2.npy,,,0,Train,0,177,G4,0,0
TCGA-12-1089,TCGA-12-1089-01Z-00-DX3_1.npy,,,0,Valid,0,177,G4,0,0
TCGA-12-1089,TCGA-12-1089-01Z-00-DX3_2.npy,,,0,Train,0,177,G4,0,0
TCGA-12-1090,TCGA-12-1090-01Z-00-DX1_1.npy,,,0,Train,0,231,G4,-1,-1
TCGA-12-1090,TCGA-12-1090-01Z-00-DX1_2.npy,,,0,Train,0,231,G4,-1,-1
TCGA-12-1090,TCGA-12-1090-01Z-00-DX2_1.npy,,,0,Train,0,231,G4,-1,-1
TCGA-12-1090,TCGA-12-1090-01Z-00-DX2_2.npy,,,0,Train,0,231,G4,-1,-1
TCGA-12-1091,TCGA-12-1091-01Z-00-DX1_1.npy,,,0,Train,0,1010,G4,-1,-1
TCGA-12-1091,TCGA-12-1091-01Z-00-DX1_2.npy,,,0,Train,0,1010,G4,-1,-1
TCGA-12-1091,TCGA-12-1091-01Z-00-DX2_1.npy,,,0,Train,0,1010,G4,-1,-1
TCGA-12-1091,TCGA-12-1091-01Z-00-DX2_2.npy,,,0,Train,0,1010,G4,-1,-1
TCGA-12-1091,TCGA-12-1091-01Z-00-DX3_1.npy,,,0,Train,0,1010,G4,-1,-1
TCGA-12-1091,TCGA-12-1091-01Z-00-DX3_2.npy,,,0,Train,0,1010,G4,-1,-1
TCGA-12-1092,TCGA-12-1092-01Z-00-DX1_1.npy,,,0,Train,0,661,G4,0,0
TCGA-12-1092,TCGA-12-1092-01Z-00-DX1_2.npy,,,0,Train,0,661,G4,0,0
TCGA-12-1092,TCGA-12-1092-01Z-00-DX2_1.npy,,,0,Valid,0,661,G4,0,0
TCGA-12-1092,TCGA-12-1092-01Z-00-DX2_2.npy,,,0,Train,0,661,G4,0,0
TCGA-12-1093,TCGA-12-1093-01Z-00-DX1_1.npy,,,0,Train,0,486,G4,0,0
TCGA-12-1093,TCGA-12-1093-01Z-00-DX2_1.npy,,,0,Valid,0,486,G4,0,0
TCGA-12-1093,TCGA-12-1093-01Z-00-DX2_2.npy,,,0,Train,0,486,G4,0,0
TCGA-12-1094,TCGA-12-1094-01Z-00-DX1_1.npy,,,0,Valid,0,372,G4,-1,-1
TCGA-12-1094,TCGA-12-1094-01Z-00-DX1_2.npy,,,0,Train,0,372,G4,-1,-1
TCGA-12-1094,TCGA-12-1094-01Z-00-DX2_1.npy,,,0,Train,0,372,G4,-1,-1
TCGA-12-1094,TCGA-12-1094-01Z-00-DX2_2.npy,,,0,Valid,0,372,G4,-1,-1
TCGA-12-1095,TCGA-12-1095-01Z-00-DX1_1.npy,,,0,Train,0,482,G4,-1,-1
TCGA-12-1095,TCGA-12-1095-01Z-00-DX1_2.npy,,,0,Train,0,482,G4,-1,-1
TCGA-12-1095,TCGA-12-1095-01Z-00-DX2_1.npy,,,0,Valid,0,482,G4,-1,-1
TCGA-12-1095,TCGA-12-1095-01Z-00-DX2_2.npy,,,0,Train,0,482,G4,-1,-1
TCGA-12-1095,TCGA-12-1095-01Z-00-DX3_1.npy,,,0,Train,0,482,G4,-1,-1
TCGA-12-1095,TCGA-12-1095-01Z-00-DX3_2.npy,,,0,Train,0,482,G4,-1,-1
TCGA-12-1096,TCGA-12-1096-01Z-00-DX1_1.npy,,,0,Train,0,277,G4,-1,-1
TCGA-12-1096,TCGA-12-1096-01Z-00-DX1_2.npy,,,0,Train,0,277,G4,-1,-1
TCGA-12-1096,TCGA-12-1096-01Z-00-DX2_1.npy,,,0,Train,0,277,G4,-1,-1
TCGA-12-1096,TCGA-12-1096-01Z-00-DX2_2.npy,,,0,Train,0,277,G4,-1,-1
TCGA-12-1096,TCGA-12-1096-01Z-00-DX4_1.npy,,,0,Train,0,277,G4,-1,-1
TCGA-12-1096,TCGA-12-1096-01Z-00-DX4_2.npy,,,0,Train,0,277,G4,-1,-1
TCGA-12-1097,TCGA-12-1097-01Z-00-DX1_1.npy,,,0,Train,0,442,G4,-1,-1
TCGA-12-1097,TCGA-12-1097-01Z-00-DX1_2.npy,,,0,Valid,0,442,G4,-1,-1
TCGA-12-1097,TCGA-12-1097-01Z-00-DX2_1.npy,,,0,Train,0,442,G4,-1,-1
TCGA-12-1097,TCGA-12-1097-01Z-00-DX2_2.npy,,,0,Valid,0,442,G4,-1,-1
TCGA-12-1097,TCGA-12-1097-01Z-00-DX3_1.npy,,,0,Train,0,442,G4,-1,-1
TCGA-12-1097,TCGA-12-1097-01Z-00-DX3_2.npy,,,0,Train,0,442,G4,-1,-1
TCGA-12-1098,TCGA-12-1098-01Z-00-DX1_1.npy,,,0,Valid,0,121,G4,-1,-1
TCGA-12-1098,TCGA-12-1098-01Z-00-DX1_2.npy,,,0,Valid,0,121,G4,-1,-1
TCGA-12-1098,TCGA-12-1098-01Z-00-DX2_1.npy,,,0,Train,0,121,G4,-1,-1
TCGA-12-1098,TCGA-12-1098-01Z-00-DX2_2.npy,,,0,Train,0,121,G4,-1,-1
TCGA-12-1099,TCGA-12-1099-01Z-00-DX1_1.npy,,,0,Train,0,126,G4,-1,-1
TCGA-12-1099,TCGA-12-1099-01Z-00-DX1_2.npy,,,0,Train,0,126,G4,-1,-1
TCGA-12-1099,TCGA-12-1099-01Z-00-DX2_1.npy,,,0,Train,0,126,G4,-1,-1
TCGA-12-1099,TCGA-12-1099-01Z-00-DX2_2.npy,,,0,Valid,0,126,G4,-1,-1
TCGA-12-1099,TCGA-12-1099-01Z-00-DX3_1.npy,,,0,Train,0,126,G4,-1,-1
TCGA-12-1099,TCGA-12-1099-01Z-00-DX3_2.npy,,,0,Valid,0,126,G4,-1,-1
TCGA-12-1598,TCGA-12-1598-01Z-00-DX2_1.npy,,,0,Train,0,476,G4,0,0
TCGA-12-1598,TCGA-12-1598-01Z-00-DX2_2.npy,,,0,Valid,0,476,G4,0,0
TCGA-12-1598,TCGA-12-1598-01Z-00-DX3_1.npy,,,0,Train,0,476,G4,0,0
TCGA-12-1598,TCGA-12-1598-01Z-00-DX3_2.npy,,,0,Train,0,476,G4,0,0
TCGA-12-1598,TCGA-12-1598-01Z-00-DX4_1.npy,,,0,Train,0,476,G4,0,0
TCGA-12-1598,TCGA-12-1598-01Z-00-DX4_2.npy,,,0,Valid,0,476,G4,0,0
TCGA-12-1599,TCGA-12-1599-01Z-00-DX1_1.npy,,,0,Valid,0,781,G4,0,0
TCGA-12-1599,TCGA-12-1599-01Z-00-DX1_2.npy,,,0,Valid,0,781,G4,0,0
TCGA-12-1599,TCGA-12-1599-01Z-00-DX2_1.npy,,,0,Train,0,781,G4,0,0
TCGA-12-1599,TCGA-12-1599-01Z-00-DX2_2.npy,,,0,Train,0,781,G4,0,0
TCGA-12-1599,TCGA-12-1599-01Z-00-DX3_1.npy,,,0,Train,0,781,G4,0,0
TCGA-12-1599,TCGA-12-1599-01Z-00-DX3_2.npy,,,0,Train,0,781,G4,0,0
TCGA-12-1600,TCGA-12-1600-01Z-00-DX1_1.npy,,,0,Train,0,448,G4,0,0
TCGA-12-1600,TCGA-12-1600-01Z-00-DX1_2.npy,,,0,Train,0,448,G4,0,0
TCGA-12-1600,TCGA-12-1600-01Z-00-DX2_1.npy,,,0,Train,0,448,G4,0,0
TCGA-12-1600,TCGA-12-1600-01Z-00-DX2_2.npy,,,0,Valid,0,448,G4,0,0
TCGA-12-1602,TCGA-12-1602-01Z-00-DX2_1.npy,,,0,Train,0,206,G4,0,0
TCGA-12-1602,TCGA-12-1602-01Z-00-DX2_2.npy,,,0,Train,0,206,G4,0,0
TCGA-12-1602,TCGA-12-1602-01Z-00-DX3_1.npy,,,0,Train,0,206,G4,0,0
TCGA-12-1602,TCGA-12-1602-01Z-00-DX3_2.npy,,,0,Train,0,206,G4,0,0
TCGA-12-1602,TCGA-12-1602-01Z-00-DX5_1.npy,,,0,Train,0,206,G4,0,0
TCGA-12-1602,TCGA-12-1602-01Z-00-DX5_2.npy,,,0,Train,0,206,G4,0,0
TCGA-12-3644,TCGA-12-3644-01Z-00-DX1_1.npy,,,0,Train,0,1818,G4,0,0
TCGA-12-3644,TCGA-12-3644-01Z-00-DX1_2.npy,,,0,Valid,0,1818,G4,0,0
TCGA-12-3644,TCGA-12-3644-01Z-00-DX2_1.npy,,,0,Train,0,1818,G4,0,0
TCGA-12-3646,TCGA-12-3646-01Z-00-DX1_1.npy,,,0,Train,0,1339,G4,0,0
TCGA-12-3646,TCGA-12-3646-01Z-00-DX1_2.npy,,,0,Valid,0,1339,G4,0,0
TCGA-12-3646,TCGA-12-3646-01Z-00-DX2_1.npy,,,0,Valid,0,1339,G4,0,0
TCGA-12-3646,TCGA-12-3646-01Z-00-DX2_2.npy,,,0,Train,0,1339,G4,0,0
TCGA-12-3648,TCGA-12-3648-01Z-00-DX1_1.npy,,,0,Train,0,819,G4,0,0
TCGA-12-3648,TCGA-12-3648-01Z-00-DX1_2.npy,,,0,Train,0,819,G4,0,0
TCGA-12-3648,TCGA-12-3648-01Z-00-DX2_1.npy,,,0,Train,0,819,G4,0,0
TCGA-12-3648,TCGA-12-3648-01Z-00-DX2_2.npy,,,0,Train,0,819,G4,0,0
TCGA-12-3648,TCGA-12-3648-01Z-00-DX3_1.npy,,,0,Train,0,819,G4,0,0
TCGA-12-3648,TCGA-12-3648-01Z-00-DX3_2.npy,,,0,Train,0,819,G4,0,0
TCGA-12-3649,TCGA-12-3649-01Z-00-DX1_1.npy,,,0,Train,0,463,G4,0,0
TCGA-12-3649,TCGA-12-3649-01Z-00-DX1_2.npy,,,0,Valid,0,463,G4,0,0
TCGA-12-3649,TCGA-12-3649-01Z-00-DX2_1.npy,,,0,Valid,0,463,G4,0,0
TCGA-12-3649,TCGA-12-3649-01Z-00-DX2_2.npy,,,0,Valid,0,463,G4,0,0
TCGA-12-3649,TCGA-12-3649-01Z-00-DX3_1.npy,,,0,Train,0,463,G4,0,0
TCGA-12-3649,TCGA-12-3649-01Z-00-DX3_2.npy,,,0,Train,0,463,G4,0,0
TCGA-12-3650,TCGA-12-3650-01Z-00-DX1_1.npy,,,0,Valid,0,333,G4,0,0
TCGA-12-3650,TCGA-12-3650-01Z-00-DX1_2.npy,,,0,Train,0,333,G4,0,0
TCGA-12-3650,TCGA-12-3650-01Z-00-DX2_1.npy,,,0,Train,0,333,G4,0,0
TCGA-12-3650,TCGA-12-3650-01Z-00-DX2_2.npy,,,0,Train,0,333,G4,0,0
TCGA-12-3651,TCGA-12-3651-01Z-00-DX1_1.npy,,,0,Train,0,386,G4,0,0
TCGA-12-3651,TCGA-12-3651-01Z-00-DX1_2.npy,,,0,Train,0,386,G4,0,0
TCGA-12-3651,TCGA-12-3651-01Z-00-DX2_1.npy,,,0,Train,0,386,G4,0,0
TCGA-12-3651,TCGA-12-3651-01Z-00-DX2_2.npy,,,0,Train,0,386,G4,0,0
TCGA-12-3651,TCGA-12-3651-01Z-00-DX3_1.npy,,,0,Train,0,386,G4,0,0
TCGA-12-3651,TCGA-12-3651-01Z-00-DX3_2.npy,,,0,Train,0,386,G4,0,0
TCGA-12-3652,TCGA-12-3652-01Z-00-DX1_1.npy,,,0,Valid,0,1062,G4,0,0
TCGA-12-3652,TCGA-12-3652-01Z-00-DX1_2.npy,,,0,Valid,0,1062,G4,0,0
TCGA-12-3652,TCGA-12-3652-01Z-00-DX2_1.npy,,,0,Train,0,1062,G4,0,0
TCGA-12-3652,TCGA-12-3652-01Z-00-DX2_2.npy,,,0,Train,0,1062,G4,0,0
TCGA-12-3652,TCGA-12-3652-01Z-00-DX3_1.npy,,,0,Train,0,1062,G4,0,0
TCGA-12-3652,TCGA-12-3652-01Z-00-DX3_2.npy,,,0,Train,0,1062,G4,0,0
TCGA-12-3652,TCGA-12-3652-01Z-00-DX4_1.npy,,,0,Train,0,1062,G4,0,0
TCGA-12-3652,TCGA-12-3652-01Z-00-DX4_2.npy,,,0,Train,0,1062,G4,0,0
TCGA-12-3653,TCGA-12-3653-01Z-00-DX1_1.npy,,,0,Valid,0,442,G4,0,0
TCGA-12-3653,TCGA-12-3653-01Z-00-DX1_2.npy,,,0,Train,0,442,G4,0,0
TCGA-12-3653,TCGA-12-3653-01Z-00-DX2_1.npy,,,0,Train,0,442,G4,0,0
TCGA-12-3653,TCGA-12-3653-01Z-00-DX2_2.npy,,,0,Train,0,442,G4,0,0
TCGA-12-3653,TCGA-12-3653-01Z-00-DX3_1.npy,,,0,Train,0,442,G4,0,0
TCGA-12-3653,TCGA-12-3653-01Z-00-DX3_2.npy,,,0,Train,0,442,G4,0,0
TCGA-12-3653,TCGA-12-3653-01Z-00-DX4_1.npy,,,0,Valid,0,442,G4,0,0
TCGA-12-3653,TCGA-12-3653-01Z-00-DX4_2.npy,,,0,Train,0,442,G4,0,0
TCGA-14-0783,TCGA-14-0783-01Z-00-DX2_1.npy,,,0,Train,0,189,G4,-1,-1
TCGA-14-0783,TCGA-14-0783-01Z-00-DX2_2.npy,,,0,Train,0,189,G4,-1,-1
TCGA-14-0783,TCGA-14-0783-01Z-00-DX3_1.npy,,,0,Train,0,189,G4,-1,-1
TCGA-14-0783,TCGA-14-0783-01Z-00-DX3_2.npy,,,0,Valid,0,189,G4,-1,-1
TCGA-14-0783,TCGA-14-0783-01Z-00-DX4_1.npy,,,0,Train,0,189,G4,-1,-1
TCGA-14-0783,TCGA-14-0783-01Z-00-DX4_2.npy,,,0,Train,0,189,G4,-1,-1
TCGA-14-0786,TCGA-14-0786-01Z-00-DX1_1.npy,,,0,Train,0,701,G4,0,0
TCGA-14-0786,TCGA-14-0786-01Z-00-DX1_2.npy,,,0,Train,0,701,G4,0,0
TCGA-14-0786,TCGA-14-0786-01Z-00-DX2_1.npy,,,0,Train,0,701,G4,0,0
TCGA-14-0786,TCGA-14-0786-01Z-00-DX2_2.npy,,,0,Valid,0,701,G4,0,0
TCGA-14-0786,TCGA-14-0786-01Z-00-DX3_1.npy,,,0,Train,0,701,G4,0,0
TCGA-14-0786,TCGA-14-0786-01Z-00-DX3_2.npy,,,0,Train,0,701,G4,0,0
TCGA-14-0787,TCGA-14-0787-01Z-00-DX1_1.npy,,,0,Valid,0,68,G4,0,0
TCGA-14-0787,TCGA-14-0787-01Z-00-DX2_1.npy,,,0,Valid,0,68,G4,0,0
TCGA-14-0787,TCGA-14-0787-01Z-00-DX2_2.npy,,,0,Train,0,68,G4,0,0
TCGA-14-0789,TCGA-14-0789-01Z-00-DX3_1.npy,,,0,Valid,0,342,G4,0,0
TCGA-14-0789,TCGA-14-0789-01Z-00-DX3_2.npy,,,0,Train,0,342,G4,0,0
TCGA-14-0789,TCGA-14-0789-01Z-00-DX4_1.npy,,,0,Valid,0,342,G4,0,0
TCGA-14-0789,TCGA-14-0789-01Z-00-DX4_2.npy,,,0,Train,0,342,G4,0,0
TCGA-14-0789,TCGA-14-0789-01Z-00-DX5_1.npy,,,0,Train,0,342,G4,0,0
TCGA-14-0789,TCGA-14-0789-01Z-00-DX6_1.npy,,,0,Valid,0,342,G4,0,0
TCGA-14-0789,TCGA-14-0789-01Z-00-DX6_2.npy,,,0,Train,0,342,G4,0,0
TCGA-14-0813,TCGA-14-0813-01Z-00-DX1_1.npy,,,0,Valid,0,41,G4,0,0
TCGA-14-0813,TCGA-14-0813-01Z-00-DX1_2.npy,,,0,Train,0,41,G4,0,0
TCGA-14-0813,TCGA-14-0813-01Z-00-DX2_1.npy,,,0,Train,0,41,G4,0,0
TCGA-14-0813,TCGA-14-0813-01Z-00-DX2_2.npy,,,0,Train,0,41,G4,0,0
TCGA-14-0813,TCGA-14-0813-01Z-00-DX3_1.npy,,,0,Train,0,41,G4,0,0
TCGA-14-0813,TCGA-14-0813-01Z-00-DX3_2.npy,,,0,Train,0,41,G4,0,0
TCGA-14-0817,TCGA-14-0817-01Z-00-DX1_1.npy,,,0,Train,0,164,G4,0,0
TCGA-14-0817,TCGA-14-0817-01Z-00-DX1_2.npy,,,0,Train,0,164,G4,0,0
TCGA-14-0817,TCGA-14-0817-01Z-00-DX2_1.npy,,,0,Train,0,164,G4,0,0
TCGA-14-0817,TCGA-14-0817-01Z-00-DX3_1.npy,,,0,Train,0,164,G4,0,0
TCGA-14-0817,TCGA-14-0817-01Z-00-DX3_2.npy,,,0,Train,0,164,G4,0,0
TCGA-14-0867,TCGA-14-0867-01Z-00-DX1_1.npy,,,0,Train,0,62,G4,0,0
TCGA-14-0867,TCGA-14-0867-01Z-00-DX1_2.npy,,,0,Valid,0,62,G4,0,0
TCGA-14-0867,TCGA-14-0867-01Z-00-DX2_1.npy,,,0,Valid,0,62,G4,0,0
TCGA-14-0867,TCGA-14-0867-01Z-00-DX2_2.npy,,,0,Train,0,62,G4,0,0
TCGA-14-0867,TCGA-14-0867-01Z-00-DX3_1.npy,,,0,Train,0,62,G4,0,0
TCGA-14-0867,TCGA-14-0867-01Z-00-DX3_2.npy,,,0,Valid,0,62,G4,0,0
TCGA-14-0871,TCGA-14-0871-01Z-00-DX1_1.npy,,,0,Train,0,880,G4,0,0
TCGA-14-0871,TCGA-14-0871-01Z-00-DX1_2.npy,,,0,Train,0,880,G4,0,0
TCGA-14-0871,TCGA-14-0871-01Z-00-DX2_1.npy,,,0,Valid,0,880,G4,0,0
TCGA-14-0871,TCGA-14-0871-01Z-00-DX2_2.npy,,,0,Valid,0,880,G4,0,0
TCGA-14-0871,TCGA-14-0871-01Z-00-DX3_1.npy,,,0,Train,0,880,G4,0,0
TCGA-14-0871,TCGA-14-0871-01Z-00-DX3_2.npy,,,0,Train,0,880,G4,0,0
TCGA-14-1034,TCGA-14-1034-01Z-00-DX1_1.npy,,,0,Train,0,485,G4,0,0
TCGA-14-1034,TCGA-14-1034-01Z-00-DX1_2.npy,,,0,Train,0,485,G4,0,0
TCGA-14-1034,TCGA-14-1034-01Z-00-DX2_1.npy,,,0,Train,0,485,G4,0,0
TCGA-14-1034,TCGA-14-1034-01Z-00-DX3_1.npy,,,0,Train,0,485,G4,0,0
TCGA-14-1034,TCGA-14-1034-01Z-00-DX3_2.npy,,,0,Train,0,485,G4,0,0
TCGA-14-1037,TCGA-14-1037-01Z-00-DX1_1.npy,,,0,Train,0,587,G4,0,0
TCGA-14-1037,TCGA-14-1037-01Z-00-DX1_2.npy,,,0,Train,0,587,G4,0,0
TCGA-14-1037,TCGA-14-1037-01Z-00-DX2_1.npy,,,0,Train,0,587,G4,0,0
TCGA-14-1037,TCGA-14-1037-01Z-00-DX2_2.npy,,,0,Train,0,587,G4,0,0
TCGA-14-1396,TCGA-14-1396-01Z-00-DX1_1.npy,,,0,Train,0,34,G4,0,0
TCGA-14-1396,TCGA-14-1396-01Z-00-DX1_2.npy,,,0,Train,0,34,G4,0,0
TCGA-14-1401,TCGA-14-1401-01Z-00-DX2_1.npy,,,0,Train,0,114,G4,-1,-1
TCGA-14-1401,TCGA-14-1401-01Z-00-DX2_2.npy,,,0,Train,0,114,G4,-1,-1
TCGA-14-1401,TCGA-14-1401-01Z-00-DX3_1.npy,,,0,Train,0,114,G4,-1,-1
TCGA-14-1401,TCGA-14-1401-01Z-00-DX3_2.npy,,,0,Train,0,114,G4,-1,-1
TCGA-14-1402,TCGA-14-1402-01Z-00-DX1_1.npy,,,0,Train,0,975,G4,-1,-1
TCGA-14-1402,TCGA-14-1402-01Z-00-DX1_2.npy,,,0,Train,0,975,G4,-1,-1
TCGA-14-1402,TCGA-14-1402-01Z-00-DX2_1.npy,,,0,Train,0,975,G4,-1,-1
TCGA-14-1402,TCGA-14-1402-01Z-00-DX3_1.npy,,,0,Train,0,975,G4,-1,-1
TCGA-14-1402,TCGA-14-1402-01Z-00-DX3_2.npy,,,0,Train,0,975,G4,-1,-1
TCGA-14-1451,TCGA-14-1451-01Z-00-DX3_1.npy,,,0,Train,0,703,G4,0,0
TCGA-14-1451,TCGA-14-1451-01Z-00-DX3_2.npy,,,0,Train,0,703,G4,0,0
TCGA-14-1451,TCGA-14-1451-01Z-00-DX4_1.npy,,,0,Valid,0,703,G4,0,0
TCGA-14-1451,TCGA-14-1451-01Z-00-DX4_2.npy,,,0,Train,0,703,G4,0,0
TCGA-14-1451,TCGA-14-1451-01Z-00-DX5_1.npy,,,0,Train,0,703,G4,0,0
TCGA-14-1451,TCGA-14-1451-01Z-00-DX5_2.npy,,,0,Train,0,703,G4,0,0
TCGA-14-1452,TCGA-14-1452-01Z-00-DX3_1.npy,,,0,Train,0,216,G4,-1,-1
TCGA-14-1452,TCGA-14-1452-01Z-00-DX3_2.npy,,,0,Train,0,216,G4,-1,-1
TCGA-14-1452,TCGA-14-1452-01Z-00-DX4_1.npy,,,0,Train,0,216,G4,-1,-1
TCGA-14-1452,TCGA-14-1452-01Z-00-DX4_2.npy,,,0,Train,0,216,G4,-1,-1
TCGA-14-1452,TCGA-14-1452-01Z-00-DX5_1.npy,,,0,Valid,0,216,G4,-1,-1
TCGA-14-1452,TCGA-14-1452-01Z-00-DX5_2.npy,,,0,Train,0,216,G4,-1,-1
TCGA-14-1453,TCGA-14-1453-01Z-00-DX2_1.npy,,,0,Train,0,35,G4,0,0
TCGA-14-1453,TCGA-14-1453-01Z-00-DX2_2.npy,,,0,Train,0,35,G4,0,0
TCGA-14-1453,TCGA-14-1453-01Z-00-DX3_1.npy,,,0,Train,0,35,G4,0,0
TCGA-14-1453,TCGA-14-1453-01Z-00-DX3_2.npy,,,0,Train,0,35,G4,0,0
TCGA-14-1453,TCGA-14-1453-01Z-00-DX4_1.npy,,,0,Valid,0,35,G4,0,0
TCGA-14-1453,TCGA-14-1453-01Z-00-DX4_2.npy,,,0,Train,0,35,G4,0,0
TCGA-14-1454,TCGA-14-1454-01Z-00-DX1_1.npy,,,0,Train,0,918,G4,-1,-1
TCGA-14-1454,TCGA-14-1454-01Z-00-DX1_2.npy,,,0,Train,0,918,G4,-1,-1
TCGA-14-1454,TCGA-14-1454-01Z-00-DX2_1.npy,,,0,Train,0,918,G4,-1,-1
TCGA-14-1454,TCGA-14-1454-01Z-00-DX2_2.npy,,,0,Train,0,918,G4,-1,-1
TCGA-14-1458,TCGA-14-1458-01Z-00-DX3_1.npy,,,0,Train,0,203,G4,0,1
TCGA-14-1458,TCGA-14-1458-01Z-00-DX3_2.npy,,,0,Train,0,203,G4,0,1
TCGA-14-1458,TCGA-14-1458-01Z-00-DX4_1.npy,,,0,Train,0,203,G4,0,1
TCGA-14-1458,TCGA-14-1458-01Z-00-DX4_2.npy,,,0,Train,0,203,G4,0,1
TCGA-14-1458,TCGA-14-1458-01Z-00-DX5_1.npy,,,0,Train,0,203,G4,0,1
TCGA-14-1458,TCGA-14-1458-01Z-00-DX5_2.npy,,,0,Train,0,203,G4,0,1
TCGA-14-1459,TCGA-14-1459-01Z-00-DX2_1.npy,,,0,Train,0,378,G4,-1,-1
TCGA-14-1459,TCGA-14-1459-01Z-00-DX2_2.npy,,,0,Train,0,378,G4,-1,-1
TCGA-14-1459,TCGA-14-1459-01Z-00-DX3_1.npy,,,0,Train,0,378,G4,-1,-1
TCGA-14-1459,TCGA-14-1459-01Z-00-DX3_2.npy,,,0,Valid,0,378,G4,-1,-1
TCGA-14-1459,TCGA-14-1459-01Z-00-DX5_1.npy,,,0,Train,0,378,G4,-1,-1
TCGA-14-1459,TCGA-14-1459-01Z-00-DX5_2.npy,,,0,Train,0,378,G4,-1,-1
TCGA-14-1794,TCGA-14-1794-01Z-00-DX1_1.npy,,,0,Valid,0,30,G4,0,0
TCGA-14-1794,TCGA-14-1794-01Z-00-DX1_2.npy,,,0,Train,0,30,G4,0,0
TCGA-14-1794,TCGA-14-1794-01Z-00-DX2_1.npy,,,0,Train,0,30,G4,0,0
TCGA-14-1794,TCGA-14-1794-01Z-00-DX2_2.npy,,,0,Train,0,30,G4,0,0
TCGA-14-1795,TCGA-14-1795-01Z-00-DX3_1.npy,,,0,Train,0,60,G4,0,0
TCGA-14-1795,TCGA-14-1795-01Z-00-DX3_2.npy,,,0,Train,0,60,G4,0,0
TCGA-14-1795,TCGA-14-1795-01Z-00-DX4_1.npy,,,0,Train,0,60,G4,0,0
TCGA-14-1795,TCGA-14-1795-01Z-00-DX4_2.npy,,,0,Train,0,60,G4,0,0
TCGA-14-1795,TCGA-14-1795-01Z-00-DX6_1.npy,,,0,Train,0,60,G4,0,0
TCGA-14-1795,TCGA-14-1795-01Z-00-DX6_2.npy,,,0,Train,0,60,G4,0,0
TCGA-14-1821,TCGA-14-1821-01Z-00-DX1_1.npy,,,0,Train,0,541,G4,0,1
TCGA-14-1821,TCGA-14-1821-01Z-00-DX1_2.npy,,,0,Train,0,541,G4,0,1
TCGA-14-1821,TCGA-14-1821-01Z-00-DX2_1.npy,,,0,Train,0,541,G4,0,1
TCGA-14-1821,TCGA-14-1821-01Z-00-DX2_2.npy,,,0,Train,0,541,G4,0,1
TCGA-14-1821,TCGA-14-1821-01Z-00-DX3_1.npy,,,0,Valid,0,541,G4,0,1
TCGA-14-1823,TCGA-14-1823-01Z-00-DX2_1.npy,,,0,Train,0,543,G4,0,0
TCGA-14-1823,TCGA-14-1823-01Z-00-DX2_2.npy,,,0,Train,0,543,G4,0,0
TCGA-14-1823,TCGA-14-1823-01Z-00-DX3_1.npy,,,0,Train,0,543,G4,0,0
TCGA-14-1823,TCGA-14-1823-01Z-00-DX3_2.npy,,,0,Train,0,543,G4,0,0
TCGA-14-1823,TCGA-14-1823-01Z-00-DX4_1.npy,,,0,Train,0,543,G4,0,0
TCGA-14-1823,TCGA-14-1823-01Z-00-DX4_2.npy,,,0,Train,0,543,G4,0,0
TCGA-14-1825,TCGA-14-1825-01Z-00-DX1_1.npy,,,0,Train,0,232,G4,0,0
TCGA-14-1825,TCGA-14-1825-01Z-00-DX1_2.npy,,,0,Train,0,232,G4,0,0
TCGA-14-1825,TCGA-14-1825-01Z-00-DX2_1.npy,,,0,Train,0,232,G4,0,0
TCGA-14-1825,TCGA-14-1825-01Z-00-DX2_2.npy,,,0,Train,0,232,G4,0,0
TCGA-14-1825,TCGA-14-1825-01Z-00-DX3_1.npy,,,0,Valid,0,232,G4,0,0
TCGA-14-1825,TCGA-14-1825-01Z-00-DX3_2.npy,,,0,Valid,0,232,G4,0,0
TCGA-14-1825,TCGA-14-1825-01Z-00-DX4_1.npy,,,0,Train,0,232,G4,0,0
TCGA-14-1825,TCGA-14-1825-01Z-00-DX4_2.npy,,,0,Valid,0,232,G4,0,0
TCGA-14-1827,TCGA-14-1827-01Z-00-DX1_1.npy,,,0,Train,0,179,G4,0,0
TCGA-14-1827,TCGA-14-1827-01Z-00-DX1_2.npy,,,0,Valid,0,179,G4,0,0
TCGA-14-1827,TCGA-14-1827-01Z-00-DX2_1.npy,,,0,Train,0,179,G4,0,0
TCGA-14-1827,TCGA-14-1827-01Z-00-DX2_2.npy,,,0,Train,0,179,G4,0,0
TCGA-14-1829,TCGA-14-1829-01Z-00-DX1_1.npy,,,0,Train,1,218,G4,0,0
TCGA-14-1829,TCGA-14-1829-01Z-00-DX1_2.npy,,,0,Valid,1,218,G4,0,0
TCGA-14-1829,TCGA-14-1829-01Z-00-DX2_1.npy,,,0,Train,1,218,G4,0,0
TCGA-14-1829,TCGA-14-1829-01Z-00-DX2_2.npy,,,0,Train,1,218,G4,0,0
TCGA-14-1829,TCGA-14-1829-01Z-00-DX4_1.npy,,,0,Train,1,218,G4,0,0
TCGA-14-1829,TCGA-14-1829-01Z-00-DX4_2.npy,,,0,Train,1,218,G4,0,0
TCGA-15-1446,TCGA-15-1446-01Z-00-DX1_1.npy,,,0,Train,1,581,G4,0,0
TCGA-15-1446,TCGA-15-1446-01Z-00-DX1_2.npy,,,0,Valid,1,581,G4,0,0
TCGA-15-1446,TCGA-15-1446-01Z-00-DX2_1.npy,,,0,Train,1,581,G4,0,0
TCGA-15-1446,TCGA-15-1446-01Z-00-DX2_2.npy,,,0,Train,1,581,G4,0,0
TCGA-15-1447,TCGA-15-1447-01Z-00-DX1_1.npy,,,0,Train,1,1618,G4,-1,-1
TCGA-15-1447,TCGA-15-1447-01Z-00-DX1_2.npy,,,0,Train,1,1618,G4,-1,-1
TCGA-15-1447,TCGA-15-1447-01Z-00-DX2_1.npy,,,0,Train,1,1618,G4,-1,-1
TCGA-15-1447,TCGA-15-1447-01Z-00-DX2_2.npy,,,0,Train,1,1618,G4,-1,-1
TCGA-15-1449,TCGA-15-1449-01Z-00-DX1_1.npy,,,0,Train,0,404,G4,-1,-1
TCGA-15-1449,TCGA-15-1449-01Z-00-DX1_2.npy,,,0,Train,0,404,G4,-1,-1
TCGA-15-1449,TCGA-15-1449-01Z-00-DX2_1.npy,,,0,Train,0,404,G4,-1,-1
TCGA-15-1449,TCGA-15-1449-01Z-00-DX2_2.npy,,,0,Train,0,404,G4,-1,-1
TCGA-15-1449,TCGA-15-1449-01Z-00-DX3_1.npy,,,0,Train,0,404,G4,-1,-1
TCGA-15-1449,TCGA-15-1449-01Z-00-DX3_2.npy,,,0,Valid,0,404,G4,-1,-1
TCGA-19-0955,TCGA-19-0955-01Z-00-DX1_1.npy,,,0,Valid,1,358,G4,-1,-1
TCGA-19-0955,TCGA-19-0955-01Z-00-DX1_2.npy,,,0,Train,1,358,G4,-1,-1
TCGA-19-0964,TCGA-19-0964-01Z-00-DX1_1.npy,,,0,Train,1,103,G4,-1,-1
TCGA-19-0964,TCGA-19-0964-01Z-00-DX1_2.npy,,,0,Valid,1,103,G4,-1,-1
TCGA-19-1386,TCGA-19-1386-01Z-00-DX1_1.npy,,,0,Train,0,276,G4,0,0
TCGA-19-1386,TCGA-19-1386-01Z-00-DX1_2.npy,,,0,Train,0,276,G4,0,0
TCGA-19-1387,TCGA-19-1387-01Z-00-DX1_1.npy,,,0,Train,1,181,G4,0,0
TCGA-19-1387,TCGA-19-1387-01Z-00-DX1_2.npy,,,0,Valid,1,181,G4,0,0
TCGA-19-1392,TCGA-19-1392-01Z-00-DX1_1.npy,,,0,Train,0,111,G4,-1,-1
TCGA-19-1392,TCGA-19-1392-01Z-00-DX1_2.npy,,,0,Train,0,111,G4,-1,-1
TCGA-19-2619,TCGA-19-2619-01Z-00-DX1_1.npy,,,0,Train,1,294,G4,0,0
TCGA-19-2619,TCGA-19-2619-01Z-00-DX1_2.npy,,,0,Train,1,294,G4,0,0
TCGA-19-2631,TCGA-19-2631-01Z-00-DX1_1.npy,,,0,Valid,0,213,G4,0,0
TCGA-19-2631,TCGA-19-2631-01Z-00-DX1_2.npy,,,0,Train,0,213,G4,0,0
TCGA-26-1438,TCGA-26-1438-01Z-00-DX1_1.npy,,,0,Train,1,305,G4,-1,-1
TCGA-26-1438,TCGA-26-1438-01Z-00-DX1_2.npy,,,0,Train,1,305,G4,-1,-1
TCGA-26-1439,TCGA-26-1439-01Z-00-DX1_1.npy,,,0,Train,0,422,G4,0,0
TCGA-26-1439,TCGA-26-1439-01Z-00-DX1_2.npy,,,0,Valid,0,422,G4,0,0
TCGA-26-1440,TCGA-26-1440-01Z-00-DX1_1.npy,,,0,Valid,1,296,G4,-1,-1
TCGA-26-1440,TCGA-26-1440-01Z-00-DX1_2.npy,,,0,Train,1,296,G4,-1,-1
TCGA-26-1443,TCGA-26-1443-01Z-00-DX1_1.npy,,,0,Valid,1,217,G4,-1,-1
TCGA-26-1443,TCGA-26-1443-01Z-00-DX1_2.npy,,,0,Valid,1,217,G4,-1,-1
TCGA-26-1799,TCGA-26-1799-01Z-00-DX1_1.npy,,,0,Train,0,285,G4,0,0
TCGA-26-1799,TCGA-26-1799-01Z-00-DX1_2.npy,,,0,Valid,0,285,G4,0,0
TCGA-27-1830,TCGA-27-1830-01Z-00-DX1_1.npy,,,0,Train,0,154,G4,0,0
TCGA-27-1830,TCGA-27-1830-01Z-00-DX1_2.npy,,,0,Train,0,154,G4,0,0
TCGA-27-1830,TCGA-27-1830-01Z-00-DX2_1.npy,,,0,Train,0,154,G4,0,0
TCGA-27-1830,TCGA-27-1830-01Z-00-DX2_2.npy,,,0,Train,0,154,G4,0,0
TCGA-27-1830,TCGA-27-1830-01Z-00-DX3_1.npy,,,0,Train,0,154,G4,0,0
TCGA-27-1830,TCGA-27-1830-01Z-00-DX3_2.npy,,,0,Train,0,154,G4,0,0
TCGA-27-1831,TCGA-27-1831-01Z-00-DX1_1.npy,,,0,Train,0,505,G4,0,0
TCGA-27-1831,TCGA-27-1831-01Z-00-DX1_2.npy,,,0,Train,0,505,G4,0,0
TCGA-27-1831,TCGA-27-1831-01Z-00-DX2_1.npy,,,0,Train,0,505,G4,0,0
TCGA-27-1831,TCGA-27-1831-01Z-00-DX2_2.npy,,,0,Train,0,505,G4,0,0
TCGA-27-1831,TCGA-27-1831-01Z-00-DX3_1.npy,,,0,Train,0,505,G4,0,0
TCGA-27-1831,TCGA-27-1831-01Z-00-DX3_2.npy,,,0,Train,0,505,G4,0,0
TCGA-27-1831,TCGA-27-1831-01Z-00-DX4_1.npy,,,0,Train,0,505,G4,0,0
TCGA-27-1831,TCGA-27-1831-01Z-00-DX4_2.npy,,,0,Train,0,505,G4,0,0
TCGA-27-1832,TCGA-27-1832-01Z-00-DX1_1.npy,,,0,Train,0,300,G4,0,0
TCGA-27-1832,TCGA-27-1832-01Z-00-DX1_2.npy,,,0,Train,0,300,G4,0,0
TCGA-27-1832,TCGA-27-1832-01Z-00-DX2_1.npy,,,0,Valid,0,300,G4,0,0
TCGA-27-1832,TCGA-27-1832-01Z-00-DX2_2.npy,,,0,Train,0,300,G4,0,0
TCGA-27-1832,TCGA-27-1832-01Z-00-DX3_1.npy,,,0,Valid,0,300,G4,0,0
TCGA-27-1832,TCGA-27-1832-01Z-00-DX3_2.npy,,,0,Train,0,300,G4,0,0
TCGA-27-1832,TCGA-27-1832-01Z-00-DX4_1.npy,,,0,Valid,0,300,G4,0,0
TCGA-27-1832,TCGA-27-1832-01Z-00-DX4_2.npy,,,0,Train,0,300,G4,0,0
TCGA-27-1833,TCGA-27-1833-01Z-00-DX1_1.npy,,,0,Train,0,737,G4,0,0
TCGA-27-1833,TCGA-27-1833-01Z-00-DX1_2.npy,,,0,Train,0,737,G4,0,0
TCGA-27-1833,TCGA-27-1833-01Z-00-DX2_1.npy,,,0,Train,0,737,G4,0,0
TCGA-27-1833,TCGA-27-1833-01Z-00-DX2_2.npy,,,0,Train,0,737,G4,0,0
TCGA-27-1833,TCGA-27-1833-01Z-00-DX3_1.npy,,,0,Train,0,737,G4,0,0
TCGA-27-1833,TCGA-27-1833-01Z-00-DX3_2.npy,,,0,Train,0,737,G4,0,0
TCGA-27-1833,TCGA-27-1833-01Z-00-DX4_1.npy,,,0,Train,0,737,G4,0,0
TCGA-27-1833,TCGA-27-1833-01Z-00-DX4_2.npy,,,0,Train,0,737,G4,0,0
TCGA-27-1834,TCGA-27-1834-01Z-00-DX1_1.npy,,,0,Train,0,1233,G4,0,0
TCGA-27-1834,TCGA-27-1834-01Z-00-DX1_2.npy,,,0,Train,0,1233,G4,0,0
TCGA-27-1834,TCGA-27-1834-01Z-00-DX2_1.npy,,,0,Train,0,1233,G4,0,0
TCGA-27-1834,TCGA-27-1834-01Z-00-DX2_2.npy,,,0,Train,0,1233,G4,0,0
TCGA-27-1835,TCGA-27-1835-01Z-00-DX1_1.npy,,,0,Train,0,648,G4,0,0
TCGA-27-1835,TCGA-27-1835-01Z-00-DX1_2.npy,,,0,Train,0,648,G4,0,0
TCGA-27-1835,TCGA-27-1835-01Z-00-DX2_1.npy,,,0,Train,0,648,G4,0,0
TCGA-27-1835,TCGA-27-1835-01Z-00-DX2_2.npy,,,0,Valid,0,648,G4,0,0
TCGA-27-1836,TCGA-27-1836-01Z-00-DX1_1.npy,,,0,Train,0,914,G4,0,0
TCGA-27-1836,TCGA-27-1836-01Z-00-DX1_2.npy,,,0,Train,0,914,G4,0,0
TCGA-27-1836,TCGA-27-1836-01Z-00-DX2_1.npy,,,0,Train,0,914,G4,0,0
TCGA-27-1836,TCGA-27-1836-01Z-00-DX2_2.npy,,,0,Train,0,914,G4,0,0
TCGA-27-1836,TCGA-27-1836-01Z-00-DX3_1.npy,,,0,Valid,0,914,G4,0,0
TCGA-27-1836,TCGA-27-1836-01Z-00-DX3_2.npy,,,0,Valid,0,914,G4,0,0
TCGA-27-1836,TCGA-27-1836-01Z-00-DX4_1.npy,,,0,Train,0,914,G4,0,0
TCGA-27-1836,TCGA-27-1836-01Z-00-DX4_2.npy,,,0,Train,0,914,G4,0,0
TCGA-27-1837,TCGA-27-1837-01Z-00-DX1_1.npy,,,0,Train,0,427,G4,0,0
TCGA-27-1838,TCGA-27-1838-01Z-00-DX1_1.npy,,,0,Valid,0,350,G4,0,0
TCGA-27-1838,TCGA-27-1838-01Z-00-DX1_2.npy,,,0,Train,0,350,G4,0,0
TCGA-27-2518,TCGA-27-2518-01Z-00-DX1_1.npy,,,0,Train,0,753,G4,0,0
TCGA-27-2518,TCGA-27-2518-01Z-00-DX1_2.npy,,,0,Train,0,753,G4,0,0
TCGA-27-2519,TCGA-27-2519-01Z-00-DX1_1.npy,,,0,Train,0,550,G4,0,0
TCGA-27-2519,TCGA-27-2519-01Z-00-DX1_2.npy,,,0,Train,0,550,G4,0,0
TCGA-27-2521,TCGA-27-2521-01Z-00-DX1_1.npy,,,0,Train,0,510,G4,0,1
TCGA-27-2521,TCGA-27-2521-01Z-00-DX1_2.npy,,,0,Train,0,510,G4,0,1
TCGA-27-2523,TCGA-27-2523-01Z-00-DX1_1.npy,,,0,Valid,0,489,G4,0,0
TCGA-27-2523,TCGA-27-2523-01Z-00-DX1_2.npy,,,0,Train,0,489,G4,0,0
TCGA-27-2524,TCGA-27-2524-01Z-00-DX1_1.npy,,,0,Valid,0,231,G4,0,0
TCGA-27-2524,TCGA-27-2524-01Z-00-DX1_2.npy,,,0,Train,0,231,G4,0,0
TCGA-27-2526,TCGA-27-2526-01Z-00-DX1_1.npy,,,0,Train,0,87,G4,0,0
TCGA-27-2526,TCGA-27-2526-01Z-00-DX1_2.npy,,,0,Valid,0,87,G4,0,0
TCGA-27-2527,TCGA-27-2527-01Z-00-DX1_1.npy,,,0,Train,0,438,G4,0,0
TCGA-27-2527,TCGA-27-2527-01Z-00-DX1_2.npy,,,0,Train,0,438,G4,0,0
TCGA-27-2528,TCGA-27-2528-01Z-00-DX1_1.npy,,,0,Train,0,480,G4,0,0
TCGA-27-2528,TCGA-27-2528-01Z-00-DX1_2.npy,,,0,Train,0,480,G4,0,0
TCGA-28-1746,TCGA-28-1746-01Z-00-DX1_1.npy,,,0,Train,1,6,G4,0,0
TCGA-28-1746,TCGA-28-1746-01Z-00-DX1_2.npy,,,0,Valid,1,6,G4,0,0
TCGA-28-1749,TCGA-28-1749-01Z-00-DX1_1.npy,,,0,Train,1,280,G4,0,0
TCGA-28-1750,TCGA-28-1750-01Z-00-DX1_1.npy,,,0,Train,1,254,G4,0,0
TCGA-28-1750,TCGA-28-1750-01Z-00-DX1_2.npy,,,0,Train,1,254,G4,0,0
TCGA-28-1751,TCGA-28-1751-01Z-00-DX1_1.npy,,,0,Train,1,232,G4,0,0
TCGA-28-1752,TCGA-28-1752-01Z-00-DX1_1.npy,,,0,Train,1,258,G4,0,0
TCGA-28-1752,TCGA-28-1752-01Z-00-DX1_2.npy,,,0,Train,1,258,G4,0,0
TCGA-28-1755,TCGA-28-1755-01Z-00-DX1_1.npy,,,0,Train,0,47,G4,0,0
TCGA-28-1757,TCGA-28-1757-01Z-00-DX1_1.npy,,,0,Train,1,4,G4,0,0
TCGA-28-1757,TCGA-28-1757-01Z-00-DX1_2.npy,,,0,Valid,1,4,G4,0,0
TCGA-41-2572,TCGA-41-2572-01Z-00-DX1_1.npy,,,0,Train,0,406,G4,0,0
TCGA-41-2573,TCGA-41-2573-01Z-00-DX1_1.npy,,,0,Train,1,272,G4,0,0
TCGA-41-2573,TCGA-41-2573-01Z-00-DX1_2.npy,,,0,Train,1,272,G4,0,0
TCGA-41-2575,TCGA-41-2575-01Z-00-DX1_1.npy,,,0,Train,0,290,G4,0,0
TCGA-41-2575,TCGA-41-2575-01Z-00-DX1_2.npy,,,0,Train,0,290,G4,0,0
TCGA-41-3392,TCGA-41-3392-01Z-00-DX1_1.npy,,,0,Train,0,30,G4,0,0
TCGA-41-3392,TCGA-41-3392-01Z-00-DX1_2.npy,,,0,Train,0,30,G4,0,0
TCGA-41-3393,TCGA-41-3393-01Z-00-DX1_1.npy,,,0,Train,0,135,G4,0,0
TCGA-41-3393,TCGA-41-3393-01Z-00-DX1_2.npy,,,0,Train,0,135,G4,0,0
TCGA-41-3915,TCGA-41-3915-01Z-00-DX1_1.npy,,,0,Valid,0,360,G4,0,0
TCGA-41-3915,TCGA-41-3915-01Z-00-DX1_2.npy,,,0,Train,0,360,G4,0,0
TCGA-CS-4938,TCGA-CS-4938-01Z-00-DX1_1.npy,,,0,Train,1,3574,G2,0,1
TCGA-CS-4941,TCGA-CS-4941-01Z-00-DX1_1.npy,,,0,Valid,0,234,G3,0,0
TCGA-CS-5393,TCGA-CS-5393-01Z-00-DX1_1.npy,,,0,Train,1,1222,G3,0,1
TCGA-CS-5393,TCGA-CS-5393-01Z-00-DX1_2.npy,,,0,Train,1,1222,G3,0,1
TCGA-CS-5393,TCGA-CS-5393-01Z-00-DX1_3.npy,,,0,Train,1,1222,G3,0,1
TCGA-CS-5394,TCGA-CS-5394-01Z-00-DX1_1.npy,,,0,Train,1,8,G3,0,1
TCGA-CS-5394,TCGA-CS-5394-01Z-00-DX1_2.npy,,,0,Train,1,8,G3,0,1
TCGA-CS-5394,TCGA-CS-5394-01Z-00-DX1_3.npy,,,0,Valid,1,8,G3,0,1
TCGA-CS-5395,TCGA-CS-5395-01Z-00-DX1_1.npy,,,0,Train,0,639,G2,0,0
TCGA-CS-5395,TCGA-CS-5395-01Z-00-DX1_2.npy,,,0,Train,0,639,G2,0,0
TCGA-CS-5395,TCGA-CS-5395-01Z-00-DX1_3.npy,,,0,Train,0,639,G2,0,0
TCGA-CS-5397,TCGA-CS-5397-01Z-00-DX1_1.npy,,,0,Train,0,194,G3,0,0
TCGA-CS-5397,TCGA-CS-5397-01Z-00-DX1_2.npy,,,0,Train,0,194,G3,0,0
TCGA-CS-6186,TCGA-CS-6186-01Z-00-DX1_1.npy,,,0,Valid,0,538,G3,0,0
TCGA-CS-6186,TCGA-CS-6186-01Z-00-DX1_2.npy,,,0,Train,0,538,G3,0,0
TCGA-CS-6186,TCGA-CS-6186-01Z-00-DX1_3.npy,,,0,Train,0,538,G3,0,0
TCGA-CS-6188,TCGA-CS-6188-01Z-00-DX1_1.npy,,,0,Train,0,814,G3,0,0
TCGA-CS-6188,TCGA-CS-6188-01Z-00-DX1_2.npy,,,0,Valid,0,814,G3,0,0
TCGA-CS-6188,TCGA-CS-6188-01Z-00-DX1_3.npy,,,0,Train,0,814,G3,0,0
TCGA-CS-6290,TCGA-CS-6290-01Z-00-DX1_1.npy,,,0,Train,0,1137,G3,0,1
TCGA-CS-6290,TCGA-CS-6290-01Z-00-DX1_2.npy,,,0,Train,0,1137,G3,0,1
TCGA-CS-6666,TCGA-CS-6666-01Z-00-DX1_1.npy,,,0,Train,1,1428,G3,0,1
TCGA-CS-6666,TCGA-CS-6666-01Z-00-DX1_2.npy,,,0,Train,1,1428,G3,0,1
TCGA-CS-6666,TCGA-CS-6666-01Z-00-DX1_3.npy,,,0,Train,1,1428,G3,0,1
TCGA-CS-6667,TCGA-CS-6667-01Z-00-DX1_1.npy,,,0,Train,1,1469,G2,0,1
TCGA-CS-6667,TCGA-CS-6667-01Z-00-DX1_2.npy,,,0,Valid,1,1469,G2,0,1
TCGA-CS-6668,TCGA-CS-6668-01Z-00-DX1_1.npy,,,0,Train,1,1519,G2,1,1
TCGA-CS-6669,TCGA-CS-6669-01Z-00-DX1_1.npy,,,0,Train,1,1494,G2,0,0
TCGA-CS-6669,TCGA-CS-6669-01Z-00-DX1_2.npy,,,0,Train,1,1494,G2,0,0
TCGA-CS-6669,TCGA-CS-6669-01Z-00-DX1_3.npy,,,0,Train,1,1494,G2,0,0
TCGA-CS-6670,TCGA-CS-6670-01Z-00-DX1_1.npy,,,0,Valid,1,1426,G3,1,1
TCGA-CS-6670,TCGA-CS-6670-01Z-00-DX1_2.npy,,,0,Train,1,1426,G3,1,1
TCGA-CS-6670,TCGA-CS-6670-01Z-00-DX1_3.npy,,,0,Train,1,1426,G3,1,1
TCGA-DB-A4XD,TCGA-DB-A4XD-01Z-00-DX2_1.npy,,,0,Train,1,1210,G3,0,1
TCGA-DB-A4XD,TCGA-DB-A4XD-01Z-00-DX2_2.npy,,,0,Train,1,1210,G3,0,1
TCGA-DB-A4XD,TCGA-DB-A4XD-01Z-00-DX2_3.npy,,,0,Train,1,1210,G3,0,1
TCGA-DB-A64L,TCGA-DB-A64L-01Z-00-DX1_1.npy,,,0,Train,1,736,G2,1,1
TCGA-DB-A64L,TCGA-DB-A64L-01Z-00-DX1_2.npy,,,0,Train,1,736,G2,1,1
TCGA-DB-A64L,TCGA-DB-A64L-01Z-00-DX1_3.npy,,,0,Train,1,736,G2,1,1
TCGA-DB-A64O,TCGA-DB-A64O-01Z-00-DX1_1.npy,,,0,Train,0,775,G2,0,0
TCGA-DB-A64O,TCGA-DB-A64O-01Z-00-DX1_2.npy,,,0,Train,0,775,G2,0,0
TCGA-DB-A64O,TCGA-DB-A64O-01Z-00-DX1_3.npy,,,0,Train,0,775,G2,0,0
TCGA-DB-A64P,TCGA-DB-A64P-01Z-00-DX1_1.npy,,,0,Valid,1,916,G3,1,1
TCGA-DB-A64P,TCGA-DB-A64P-01Z-00-DX1_2.npy,,,0,Valid,1,916,G3,1,1
TCGA-DB-A64P,TCGA-DB-A64P-01Z-00-DX1_3.npy,,,0,Train,1,916,G3,1,1
TCGA-DB-A64R,TCGA-DB-A64R-01Z-00-DX1_1.npy,,,0,Train,1,955,G2,1,1
TCGA-DB-A64R,TCGA-DB-A64R-01Z-00-DX1_2.npy,,,0,Train,1,955,G2,1,1
TCGA-DB-A64R,TCGA-DB-A64R-01Z-00-DX1_3.npy,,,0,Train,1,955,G2,1,1
TCGA-DB-A64U,TCGA-DB-A64U-01Z-00-DX1_1.npy,,,0,Valid,1,846,G2,1,1
TCGA-DB-A64U,TCGA-DB-A64U-01Z-00-DX1_2.npy,,,0,Train,1,846,G2,1,1
TCGA-DB-A64U,TCGA-DB-A64U-01Z-00-DX1_3.npy,,,0,Train,1,846,G2,1,1
TCGA-DB-A64W,TCGA-DB-A64W-01Z-00-DX1_1.npy,,,0,Train,0,438,G3,1,1
TCGA-DB-A64W,TCGA-DB-A64W-01Z-00-DX1_2.npy,,,0,Train,0,438,G3,1,1
TCGA-DB-A64W,TCGA-DB-A64W-01Z-00-DX1_3.npy,,,0,Train,0,438,G3,1,1
TCGA-DB-A75O,TCGA-DB-A75O-01Z-00-DX1_1.npy,,,0,Train,1,935,G3,0,1
TCGA-DB-A75O,TCGA-DB-A75O-01Z-00-DX1_2.npy,,,0,Train,1,935,G3,0,1
TCGA-DB-A75O,TCGA-DB-A75O-01Z-00-DX1_3.npy,,,0,Train,1,935,G3,0,1
TCGA-DH-5140,TCGA-DH-5140-01Z-00-DX1_1.npy,,,0,Train,0,607,G3,0,0
TCGA-DH-5140,TCGA-DH-5140-01Z-00-DX1_2.npy,,,0,Train,0,607,G3,0,0
TCGA-DH-5140,TCGA-DH-5140-01Z-00-DX1_3.npy,,,0,Train,0,607,G3,0,0
TCGA-DH-5141,TCGA-DH-5141-01Z-00-DX1_1.npy,,,0,Train,1,968,G3,1,1
TCGA-DH-5141,TCGA-DH-5141-01Z-00-DX1_2.npy,,,0,Train,1,968,G3,1,1
TCGA-DH-5141,TCGA-DH-5141-01Z-00-DX1_3.npy,,,0,Train,1,968,G3,1,1
TCGA-DH-5142,TCGA-DH-5142-01Z-00-DX1_1.npy,,,0,Train,1,1943,G3,0,1
TCGA-DH-5142,TCGA-DH-5142-01Z-00-DX1_2.npy,,,0,Valid,1,1943,G3,0,1
TCGA-DH-5142,TCGA-DH-5142-01Z-00-DX1_3.npy,,,0,Valid,1,1943,G3,0,1
TCGA-DH-5143,TCGA-DH-5143-01Z-00-DX1_1.npy,,,0,Train,1,1401,G3,0,1
TCGA-DH-5143,TCGA-DH-5143-01Z-00-DX1_2.npy,,,0,Train,1,1401,G3,0,1
TCGA-DH-5143,TCGA-DH-5143-01Z-00-DX1_3.npy,,,0,Train,1,1401,G3,0,1
TCGA-DH-5144,TCGA-DH-5144-01Z-00-DX1_1.npy,,,0,Train,1,748,G3,1,1
TCGA-DH-5144,TCGA-DH-5144-01Z-00-DX1_2.npy,,,0,Train,1,748,G3,1,1
TCGA-DH-5144,TCGA-DH-5144-01Z-00-DX1_3.npy,,,0,Train,1,748,G3,1,1
TCGA-DH-A669,TCGA-DH-A669-01Z-00-DX1_1.npy,,,0,Train,0,919,G3,1,1
TCGA-DH-A669,TCGA-DH-A669-01Z-00-DX1_2.npy,,,0,Valid,0,919,G3,1,1
TCGA-DH-A669,TCGA-DH-A669-01Z-00-DX1_3.npy,,,0,Train,0,919,G3,1,1
TCGA-DH-A66B,TCGA-DH-A66B-01Z-00-DX1_1.npy,,,0,Valid,1,1279,G3,0,1
TCGA-DH-A66B,TCGA-DH-A66B-01Z-00-DX1_2.npy,,,0,Valid,1,1279,G3,0,1
TCGA-DH-A66B,TCGA-DH-A66B-01Z-00-DX1_3.npy,,,0,Train,1,1279,G3,0,1
TCGA-DH-A66D,TCGA-DH-A66D-01Z-00-DX1_1.npy,,,0,Train,1,846,G3,0,1
TCGA-DH-A66D,TCGA-DH-A66D-01Z-00-DX1_2.npy,,,0,Train,1,846,G3,0,1
TCGA-DH-A66D,TCGA-DH-A66D-01Z-00-DX1_3.npy,,,0,Train,1,846,G3,0,1
TCGA-DH-A66F,TCGA-DH-A66F-01Z-00-DX1_1.npy,,,0,Train,1,523,G2,1,1
TCGA-DH-A66F,TCGA-DH-A66F-01Z-00-DX1_2.npy,,,0,Valid,1,523,G2,1,1
TCGA-DH-A66F,TCGA-DH-A66F-01Z-00-DX1_3.npy,,,0,Train,1,523,G2,1,1
TCGA-DH-A66G,TCGA-DH-A66G-01Z-00-DX1_1.npy,,,0,Train,1,523,G3,0,1
TCGA-DH-A66G,TCGA-DH-A66G-01Z-00-DX1_2.npy,,,0,Train,1,523,G3,0,1
TCGA-DH-A66G,TCGA-DH-A66G-01Z-00-DX1_3.npy,,,0,Train,1,523,G3,0,1
TCGA-DH-A7UR,TCGA-DH-A7UR-01Z-00-DX1_1.npy,,,0,Train,1,1650,G3,1,1
TCGA-DH-A7UR,TCGA-DH-A7UR-01Z-00-DX1_2.npy,,,0,Train,1,1650,G3,1,1
TCGA-DH-A7UR,TCGA-DH-A7UR-01Z-00-DX1_3.npy,,,0,Train,1,1650,G3,1,1
TCGA-DH-A7US,TCGA-DH-A7US-01Z-00-DX1_1.npy,,,0,Valid,1,706,G2,1,1
TCGA-DH-A7US,TCGA-DH-A7US-01Z-00-DX1_2.npy,,,0,Train,1,706,G2,1,1
TCGA-DH-A7US,TCGA-DH-A7US-01Z-00-DX1_3.npy,,,0,Train,1,706,G2,1,1
TCGA-DH-A7UT,TCGA-DH-A7UT-01Z-00-DX1_1.npy,,,0,Train,0,531,G3,0,1
TCGA-DH-A7UT,TCGA-DH-A7UT-01Z-00-DX1_2.npy,,,0,Valid,0,531,G3,0,1
TCGA-DH-A7UT,TCGA-DH-A7UT-01Z-00-DX1_3.npy,,,0,Valid,0,531,G3,0,1
TCGA-DH-A7UV,TCGA-DH-A7UV-01Z-00-DX1_1.npy,,,0,Train,1,566,G3,0,1
TCGA-DH-A7UV,TCGA-DH-A7UV-01Z-00-DX1_2.npy,,,0,Train,1,566,G3,0,1
TCGA-DH-A7UV,TCGA-DH-A7UV-01Z-00-DX1_3.npy,,,0,Train,1,566,G3,0,1
TCGA-DU-5847,TCGA-DU-5847-01Z-00-DX1_1.npy,,,0,Train,1,548,G3,0,0
TCGA-DU-5849,TCGA-DU-5849-01Z-00-DX1_1.npy,,,0,Valid,1,443,G2,1,1
TCGA-DU-5851,TCGA-DU-5851-01Z-00-DX1_1.npy,,,0,Train,1,531,G3,0,1
TCGA-DU-5852,TCGA-DU-5852-01Z-00-DX1_1.npy,,,0,Train,0,205,G3,0,0
TCGA-DU-5854,TCGA-DU-5854-01Z-00-DX1_1.npy,,,0,Train,1,257,G3,0,0
TCGA-DU-5870,TCGA-DU-5870-01Z-00-DX1_1.npy,,,0,Train,1,5546,G2,1,1
TCGA-DU-5870,TCGA-DU-5870-01Z-00-DX1_2.npy,,,0,Valid,1,5546,G2,1,1
TCGA-DU-5872,TCGA-DU-5872-01Z-00-DX1_1.npy,,,0,Valid,1,532,G2,0,1
TCGA-DU-5874,TCGA-DU-5874-01Z-00-DX1_1.npy,,,0,Train,1,461,G2,1,1
TCGA-DU-5874,TCGA-DU-5874-01Z-00-DX1_2.npy,,,0,Train,1,461,G2,1,1
TCGA-DU-5874,TCGA-DU-5874-01Z-00-DX1_3.npy,,,0,Train,1,461,G2,1,1
TCGA-DU-6392,TCGA-DU-6392-01Z-00-DX1_1.npy,,,0,Train,1,6423,G3,0,0
TCGA-DU-6392,TCGA-DU-6392-01Z-00-DX1_2.npy,,,0,Train,1,6423,G3,0,0
TCGA-DU-6392,TCGA-DU-6392-01Z-00-DX1_3.npy,,,0,Train,1,6423,G3,0,0
TCGA-DU-6393,TCGA-DU-6393-01Z-00-DX1_1.npy,,,0,Train,0,1585,G3,1,1
TCGA-DU-6393,TCGA-DU-6393-01Z-00-DX1_2.npy,,,0,Train,0,1585,G3,1,1
TCGA-DU-6394,TCGA-DU-6394-01Z-00-DX1_1.npy,,,0,Train,0,682,G3,1,1
TCGA-DU-6395,TCGA-DU-6395-01Z-00-DX1_1.npy,,,0,Train,0,1491,G2,0,1
TCGA-DU-6396,TCGA-DU-6396-01Z-00-DX1_1.npy,,,0,Valid,0,2286,G3,0,1
TCGA-DU-6400,TCGA-DU-6400-01Z-00-DX1_1.npy,,,0,Train,0,37,G2,1,1
TCGA-DU-6401,TCGA-DU-6401-01Z-00-DX1_1.npy,,,0,Train,0,2660,G2,0,1
TCGA-DU-6402,TCGA-DU-6402-01Z-00-DX1_1.npy,,,0,Valid,0,214,G3,0,0
TCGA-DU-6403,TCGA-DU-6403-01Z-00-DX1_1.npy,,,0,Train,0,354,G3,0,0
TCGA-DU-6404,TCGA-DU-6404-01Z-00-DX1_1.npy,,,0,Train,0,4068,G3,0,0
TCGA-DU-6405,TCGA-DU-6405-01Z-00-DX1_1.npy,,,0,Valid,0,605,G3,0,0
TCGA-DU-6407,TCGA-DU-6407-01Z-00-DX1_1.npy,,,0,Train,0,2875,G2,0,1
TCGA-DU-6410,TCGA-DU-6410-01Z-00-DX1_1.npy,,,0,Train,1,242,G3,1,1
TCGA-DU-7006,TCGA-DU-7006-01Z-00-DX1_1.npy,,,0,Train,0,349,G3,0,0
TCGA-DU-7007,TCGA-DU-7007-01Z-00-DX1_1.npy,,,0,Train,0,1915,G2,0,1
TCGA-DU-7007,TCGA-DU-7007-01Z-00-DX1_2.npy,,,0,Valid,0,1915,G2,0,1
TCGA-DU-7007,TCGA-DU-7007-01Z-00-DX1_3.npy,,,0,Train,0,1915,G2,0,1
TCGA-DU-7008,TCGA-DU-7008-01Z-00-DX1_1.npy,,,0,Train,1,4752,G2,0,1
TCGA-DU-7009,TCGA-DU-7009-01Z-00-DX1_1.npy,,,0,Train,0,4695,G2,1,1
TCGA-DU-7010,TCGA-DU-7010-01Z-00-DX1_1.npy,,,0,Valid,0,456,G3,0,1
TCGA-DU-7011,TCGA-DU-7011-01Z-00-DX1_1.npy,,,0,Train,0,3200,G2,0,1
TCGA-DU-7012,TCGA-DU-7012-01Z-00-DX1_1.npy,,,0,Valid,0,199,G3,0,0
TCGA-DU-7012,TCGA-DU-7012-01Z-00-DX1_2.npy,,,0,Train,0,199,G3,0,0
TCGA-DU-7014,TCGA-DU-7014-01Z-00-DX1_1.npy,,,0,Train,0,3571,G2,-1,-1
TCGA-DU-7015,TCGA-DU-7015-01Z-00-DX1_1.npy,,,0,Train,1,2761,G2,0,1
TCGA-DU-7019,TCGA-DU-7019-01Z-00-DX1_1.npy,,,0,Train,1,800,G3,0,1
TCGA-DU-7290,TCGA-DU-7290-01Z-00-DX1_1.npy,,,0,Train,0,315,G3,0,0
TCGA-DU-7290,TCGA-DU-7290-01Z-00-DX1_2.npy,,,0,Train,0,315,G3,0,0
TCGA-DU-7290,TCGA-DU-7290-01Z-00-DX1_3.npy,,,0,Train,0,315,G3,0,0
TCGA-DU-7298,TCGA-DU-7298-01Z-00-DX1_1.npy,,,0,Valid,0,576,G3,0,1
TCGA-DU-7299,TCGA-DU-7299-01Z-00-DX1_1.npy,,,0,Train,0,1339,G3,0,1
TCGA-DU-7299,TCGA-DU-7299-01Z-00-DX1_2.npy,,,0,Valid,0,1339,G3,0,1
TCGA-DU-7299,TCGA-DU-7299-01Z-00-DX1_3.npy,,,0,Train,0,1339,G3,0,1
TCGA-DU-7301,TCGA-DU-7301-01Z-00-DX1_1.npy,,,0,Train,0,788,G2,0,1
TCGA-DU-7302,TCGA-DU-7302-01Z-00-DX1_1.npy,,,0,Train,1,1834,G3,1,1
TCGA-DU-7304,TCGA-DU-7304-01Z-00-DX1_1.npy,,,0,Train,0,709,G3,0,1
TCGA-DU-7304,TCGA-DU-7304-01Z-00-DX1_2.npy,,,0,Valid,0,709,G3,0,1
TCGA-DU-7304,TCGA-DU-7304-01Z-00-DX1_3.npy,,,0,Valid,0,709,G3,0,1
TCGA-DU-7306,TCGA-DU-7306-01Z-00-DX1_1.npy,,,0,Train,1,1277,G2,0,1
TCGA-DU-7306,TCGA-DU-7306-01Z-00-DX1_2.npy,,,0,Train,1,1277,G2,0,1
TCGA-DU-7306,TCGA-DU-7306-01Z-00-DX1_3.npy,,,0,Valid,1,1277,G2,0,1
TCGA-DU-8162,TCGA-DU-8162-01Z-00-DX1_1.npy,,,0,Train,0,444,G3,0,0
TCGA-DU-8163,TCGA-DU-8163-01Z-00-DX1_1.npy,,,0,Train,1,629,G3,0,1
TCGA-DU-8164,TCGA-DU-8164-01Z-00-DX1_1.npy,,,0,Train,1,651,G2,1,1
TCGA-DU-8165,TCGA-DU-8165-01Z-00-DX1_1.npy,,,0,Valid,1,582,G3,0,0
TCGA-DU-8167,TCGA-DU-8167-01Z-00-DX1_1.npy,,,0,Train,1,471,G2,0,1
TCGA-DU-8168,TCGA-DU-8168-01Z-00-DX1_1.npy,,,0,Valid,1,431,G3,1,1
TCGA-EZ-7264,TCGA-EZ-7264-01Z-00-DX1_1.npy,,,0,Train,1,1201,G2,1,1
TCGA-EZ-7264,TCGA-EZ-7264-01Z-00-DX1_2.npy,,,0,Train,1,1201,G2,1,1
TCGA-EZ-7264,TCGA-EZ-7264-01Z-00-DX1_3.npy,,,0,Train,1,1201,G2,1,1
TCGA-F6-A8O3,TCGA-F6-A8O3-01Z-00-DX1_1.npy,,,0,Train,1,7,G2,1,1
TCGA-F6-A8O3,TCGA-F6-A8O3-01Z-00-DX1_2.npy,,,0,Train,1,7,G2,1,1
TCGA-F6-A8O3,TCGA-F6-A8O3-01Z-00-DX1_3.npy,,,0,Train,1,7,G2,1,1
TCGA-FG-5962,TCGA-FG-5962-01Z-00-DX1_1.npy,,,0,Train,1,1453,G3,1,1
TCGA-FG-5962,TCGA-FG-5962-01Z-00-DX1_2.npy,,,0,Train,1,1453,G3,1,1
TCGA-FG-5962,TCGA-FG-5962-01Z-00-DX1_3.npy,,,0,Valid,1,1453,G3,1,1
TCGA-FG-5963,TCGA-FG-5963-01Z-00-DX1_1.npy,,,0,Valid,0,775,G3,0,0
TCGA-FG-5963,TCGA-FG-5963-01Z-00-DX1_2.npy,,,0,Train,0,775,G3,0,0
TCGA-FG-5963,TCGA-FG-5963-01Z-00-DX1_3.npy,,,0,Train,0,775,G3,0,0
TCGA-FG-5964,TCGA-FG-5964-01Z-00-DX1_1.npy,,,0,Train,1,1588,G2,1,1
TCGA-FG-5964,TCGA-FG-5964-01Z-00-DX1_2.npy,,,0,Train,1,1588,G2,1,1
TCGA-FG-5964,TCGA-FG-5964-01Z-00-DX1_3.npy,,,0,Train,1,1588,G2,1,1
TCGA-FG-6688,TCGA-FG-6688-01Z-00-DX1_1.npy,,,0,Train,1,571,G3,0,0
TCGA-FG-6688,TCGA-FG-6688-01Z-00-DX1_2.npy,,,0,Valid,1,571,G3,0,0
TCGA-FG-6688,TCGA-FG-6688-01Z-00-DX1_3.npy,,,0,Train,1,571,G3,0,0
TCGA-FG-6689,TCGA-FG-6689-01Z-00-DX1_1.npy,,,0,Train,1,454,G2,0,1
TCGA-FG-6689,TCGA-FG-6689-01Z-00-DX1_2.npy,,,0,Train,1,454,G2,0,1
TCGA-FG-6689,TCGA-FG-6689-01Z-00-DX1_3.npy,,,0,Train,1,454,G2,0,1
TCGA-FG-6690,TCGA-FG-6690-01Z-00-DX1_1.npy,,,0,Train,1,1294,G2,0,1
TCGA-FG-6690,TCGA-FG-6690-01Z-00-DX1_2.npy,,,0,Train,1,1294,G2,0,1
TCGA-FG-6690,TCGA-FG-6690-01Z-00-DX1_3.npy,,,0,Train,1,1294,G2,0,1
TCGA-FG-6691,TCGA-FG-6691-01Z-00-DX1_1.npy,,,0,Train,1,1257,G2,0,1
TCGA-FG-6691,TCGA-FG-6691-01Z-00-DX1_2.npy,,,0,Train,1,1257,G2,0,1
TCGA-FG-6691,TCGA-FG-6691-01Z-00-DX1_3.npy,,,0,Train,1,1257,G2,0,1
TCGA-FG-6692,TCGA-FG-6692-01Z-00-DX1_1.npy,,,0,Train,0,561,G3,0,0
TCGA-FG-6692,TCGA-FG-6692-01Z-00-DX1_2.npy,,,0,Valid,0,561,G3,0,0
TCGA-FG-6692,TCGA-FG-6692-01Z-00-DX1_3.npy,,,0,Train,0,561,G3,0,0
TCGA-FG-7634,TCGA-FG-7634-01Z-00-DX1_1.npy,,,0,Train,1,467,G2,1,1
TCGA-FG-7634,TCGA-FG-7634-01Z-00-DX1_2.npy,,,0,Train,1,467,G2,1,1
TCGA-FG-7634,TCGA-FG-7634-01Z-00-DX1_3.npy,,,0,Valid,1,467,G2,1,1
TCGA-FG-7636,TCGA-FG-7636-01Z-00-DX1_1.npy,,,0,Valid,1,544,G3,0,1
TCGA-FG-7636,TCGA-FG-7636-01Z-00-DX1_2.npy,,,0,Valid,1,544,G3,0,1
TCGA-FG-7636,TCGA-FG-7636-01Z-00-DX1_3.npy,,,0,Valid,1,544,G3,0,1
TCGA-FG-7641,TCGA-FG-7641-01Z-00-DX1_1.npy,,,0,Train,1,627,G2,1,1
TCGA-FG-7641,TCGA-FG-7641-01Z-00-DX1_2.npy,,,0,Train,1,627,G2,1,1
TCGA-FG-7643,TCGA-FG-7643-01Z-00-DX1_1.npy,,,0,Valid,1,611,G2,0,0
TCGA-FG-7643,TCGA-FG-7643-01Z-00-DX1_2.npy,,,0,Train,1,611,G2,0,0
TCGA-FG-7643,TCGA-FG-7643-01Z-00-DX1_3.npy,,,0,Train,1,611,G2,0,0
TCGA-FG-8181,TCGA-FG-8181-01Z-00-DX1_1.npy,,,0,Train,1,862,G3,0,0
TCGA-FG-8181,TCGA-FG-8181-01Z-00-DX1_2.npy,,,0,Train,1,862,G3,0,0
TCGA-FG-8181,TCGA-FG-8181-01Z-00-DX1_3.npy,,,0,Train,1,862,G3,0,0
TCGA-FG-8182,TCGA-FG-8182-01Z-00-DX1_1.npy,,,0,Train,1,416,G2,0,1
TCGA-FG-8186,TCGA-FG-8186-01Z-00-DX1_1.npy,,,0,Train,1,487,G3,1,1
TCGA-FG-8186,TCGA-FG-8186-01Z-00-DX1_2.npy,,,0,Train,1,487,G3,1,1
TCGA-FG-8186,TCGA-FG-8186-01Z-00-DX1_3.npy,,,0,Train,1,487,G3,1,1
TCGA-FG-8191,TCGA-FG-8191-01Z-00-DX1_1.npy,,,0,Train,1,992,G3,0,1
TCGA-FG-8191,TCGA-FG-8191-01Z-00-DX1_2.npy,,,0,Train,1,992,G3,0,1
TCGA-FG-8191,TCGA-FG-8191-01Z-00-DX1_3.npy,,,0,Train,1,992,G3,0,1
TCGA-FG-A4MU,TCGA-FG-A4MU-01Z-00-DX2_1.npy,,,0,Train,1,326,G3,0,0
TCGA-FG-A4MU,TCGA-FG-A4MU-01Z-00-DX2_2.npy,,,0,Train,1,326,G3,0,0
TCGA-FG-A4MU,TCGA-FG-A4MU-01Z-00-DX2_3.npy,,,0,Train,1,326,G3,0,0
TCGA-FG-A4MY,TCGA-FG-A4MY-01Z-00-DX1_1.npy,,,0,Train,1,721,G2,0,1
TCGA-FG-A4MY,TCGA-FG-A4MY-01Z-00-DX1_2.npy,,,0,Train,1,721,G2,0,1
TCGA-FG-A4MY,TCGA-FG-A4MY-01Z-00-DX1_3.npy,,,0,Train,1,721,G2,0,1
TCGA-FG-A6IZ,TCGA-FG-A6IZ-01Z-00-DX1_1.npy,,,0,Train,1,457,G2,1,1
TCGA-FG-A6IZ,TCGA-FG-A6IZ-01Z-00-DX1_2.npy,,,0,Train,1,457,G2,1,1
TCGA-FG-A6J1,TCGA-FG-A6J1-01Z-00-DX1_1.npy,,,0,Train,1,500,G2,1,1
TCGA-FG-A6J1,TCGA-FG-A6J1-01Z-00-DX1_2.npy,,,0,Train,1,500,G2,1,1
TCGA-FG-A6J1,TCGA-FG-A6J1-01Z-00-DX1_3.npy,,,0,Train,1,500,G2,1,1
TCGA-FG-A70Y,TCGA-FG-A70Y-01Z-00-DX1_1.npy,,,0,Train,1,868,G2,0,1
TCGA-HT-7474,TCGA-HT-7474-01Z-00-DX1_1.npy,,,0,Train,1,114,G2,0,1
TCGA-HT-7476,TCGA-HT-7476-01Z-00-DX2_1.npy,,,0,Valid,1,199,G2,0,1
TCGA-HT-7477,TCGA-HT-7477-01Z-00-DX1_1.npy,,,0,Valid,1,738,G3,0,1
TCGA-HT-7477,TCGA-HT-7477-01Z-00-DX1_2.npy,,,0,Train,1,738,G3,0,1
TCGA-HT-7477,TCGA-HT-7477-01Z-00-DX1_3.npy,,,0,Valid,1,738,G3,0,1
TCGA-HT-7483,TCGA-HT-7483-01Z-00-DX2_1.npy,,,0,Train,1,5255,G2,0,1
TCGA-HT-7483,TCGA-HT-7483-01Z-00-DX2_2.npy,,,0,Train,1,5255,G2,0,1
TCGA-HT-7483,TCGA-HT-7483-01Z-00-DX2_3.npy,,,0,Train,1,5255,G2,0,1
TCGA-HT-7485,TCGA-HT-7485-01Z-00-DX1_1.npy,,,0,Train,1,122,G2,0,1
TCGA-HT-7485,TCGA-HT-7485-01Z-00-DX1_2.npy,,,0,Train,1,122,G2,0,1
TCGA-HT-7485,TCGA-HT-7485-01Z-00-DX1_3.npy,,,0,Train,1,122,G2,0,1
TCGA-HT-7604,TCGA-HT-7604-01Z-00-DX1_1.npy,,,0,Train,1,3725,G2,0,1
TCGA-HT-7676,TCGA-HT-7676-01Z-00-DX1_1.npy,,,0,Train,1,5,G2,0,1
TCGA-HT-7692,TCGA-HT-7692-01Z-00-DX1_1.npy,,,0,Train,1,90,G2,1,1
TCGA-HT-7692,TCGA-HT-7692-01Z-00-DX1_2.npy,,,0,Train,1,90,G2,1,1
TCGA-HT-7692,TCGA-HT-7692-01Z-00-DX1_3.npy,,,0,Train,1,90,G2,1,1
TCGA-HT-7693,TCGA-HT-7693-01Z-00-DX2_1.npy,,,0,Valid,1,533,G2,0,1
TCGA-HT-7693,TCGA-HT-7693-01Z-00-DX2_2.npy,,,0,Valid,1,533,G2,0,1
TCGA-HT-7693,TCGA-HT-7693-01Z-00-DX2_3.npy,,,0,Train,1,533,G2,0,1
TCGA-HT-7855,TCGA-HT-7855-01Z-00-DX1_1.npy,,,0,Valid,1,585,G3,0,1
TCGA-HT-7855,TCGA-HT-7855-01Z-00-DX1_2.npy,,,0,Train,1,585,G3,0,1
TCGA-HT-7855,TCGA-HT-7855-01Z-00-DX1_3.npy,,,0,Train,1,585,G3,0,1
TCGA-HT-7857,TCGA-HT-7857-01Z-00-DX1_1.npy,,,0,Train,1,7,G3,0,0
TCGA-HT-7873,TCGA-HT-7873-01Z-00-DX2_1.npy,,,0,Train,1,718,G2,0,1
TCGA-HT-7884,TCGA-HT-7884-01Z-00-DX1_1.npy,,,0,Train,1,343,G2,0,1
TCGA-HT-8010,TCGA-HT-8010-01Z-00-DX1_1.npy,,,0,Train,1,50,G2,1,1
TCGA-HT-8010,TCGA-HT-8010-01Z-00-DX1_2.npy,,,0,Train,1,50,G2,1,1
TCGA-HT-8010,TCGA-HT-8010-01Z-00-DX1_3.npy,,,0,Train,1,50,G2,1,1
TCGA-HT-8011,TCGA-HT-8011-01Z-00-DX1_1.npy,,,0,Train,1,494,G3,0,0
TCGA-HT-8011,TCGA-HT-8011-01Z-00-DX1_2.npy,,,0,Train,1,494,G3,0,0
TCGA-HT-8011,TCGA-HT-8011-01Z-00-DX1_3.npy,,,0,Train,1,494,G3,0,0
TCGA-HT-8012,TCGA-HT-8012-01Z-00-DX1_1.npy,,,0,Train,1,286,G2,1,1
TCGA-HT-8012,TCGA-HT-8012-01Z-00-DX1_2.npy,,,0,Train,1,286,G2,1,1
TCGA-HT-8012,TCGA-HT-8012-01Z-00-DX1_3.npy,,,0,Train,1,286,G2,1,1
TCGA-HT-8013,TCGA-HT-8013-01Z-00-DX1_1.npy,,,0,Valid,0,1933,G2,0,1
TCGA-HT-8013,TCGA-HT-8013-01Z-00-DX1_2.npy,,,0,Train,0,1933,G2,0,1
TCGA-HT-8013,TCGA-HT-8013-01Z-00-DX1_3.npy,,,0,Train,0,1933,G2,0,1
TCGA-HT-8018,TCGA-HT-8018-01Z-00-DX1_1.npy,,,0,Valid,0,1152,G2,0,1
TCGA-HT-8018,TCGA-HT-8018-01Z-00-DX1_2.npy,,,0,Train,0,1152,G2,0,1
TCGA-HT-8104,TCGA-HT-8104-01Z-00-DX1_1.npy,,,0,Train,1,372,G3,0,0
TCGA-HT-8104,TCGA-HT-8104-01Z-00-DX1_2.npy,,,0,Train,1,372,G3,0,0
TCGA-HT-8104,TCGA-HT-8104-01Z-00-DX1_3.npy,,,0,Train,1,372,G3,0,0
TCGA-HT-8105,TCGA-HT-8105-01Z-00-DX1_1.npy,,,0,Train,1,190,G3,1,1
TCGA-HT-8105,TCGA-HT-8105-01Z-00-DX1_2.npy,,,0,Train,1,190,G3,1,1
TCGA-HT-8105,TCGA-HT-8105-01Z-00-DX1_3.npy,,,0,Train,1,190,G3,1,1
TCGA-HT-8106,TCGA-HT-8106-01Z-00-DX1_1.npy,,,0,Train,1,3,G3,0,1
TCGA-HT-8107,TCGA-HT-8107-01Z-00-DX1_1.npy,,,0,Train,1,14,G2,0,0
TCGA-HT-8107,TCGA-HT-8107-01Z-00-DX1_2.npy,,,0,Train,1,14,G2,0,0
TCGA-HT-8108,TCGA-HT-8108-01Z-00-DX1_1.npy,,,0,Train,1,76,G2,0,1
TCGA-HT-8108,TCGA-HT-8108-01Z-00-DX1_2.npy,,,0,Train,1,76,G2,0,1
TCGA-HT-8108,TCGA-HT-8108-01Z-00-DX1_3.npy,,,0,Train,1,76,G2,0,1
TCGA-HT-8109,TCGA-HT-8109-01Z-00-DX1_1.npy,,,0,Train,1,169,G3,1,1
TCGA-HT-8109,TCGA-HT-8109-01Z-00-DX1_2.npy,,,0,Valid,1,169,G3,1,1
TCGA-HT-8109,TCGA-HT-8109-01Z-00-DX1_3.npy,,,0,Train,1,169,G3,1,1
TCGA-HT-A5R5,TCGA-HT-A5R5-01Z-00-DX1_1.npy,,,0,Train,1,4,G2,0,1
TCGA-HT-A5R5,TCGA-HT-A5R5-01Z-00-DX1_2.npy,,,0,Train,1,4,G2,0,1
TCGA-HT-A5R5,TCGA-HT-A5R5-01Z-00-DX1_3.npy,,,0,Train,1,4,G2,0,1
TCGA-HT-A5R7,TCGA-HT-A5R7-01Z-00-DX1_1.npy,,,0,Valid,1,615,G3,0,1
TCGA-HT-A5R7,TCGA-HT-A5R7-01Z-00-DX1_2.npy,,,0,Train,1,615,G3,0,1
TCGA-HT-A5R7,TCGA-HT-A5R7-01Z-00-DX1_3.npy,,,0,Train,1,615,G3,0,1
TCGA-HT-A5R9,TCGA-HT-A5R9-01Z-00-DX1_1.npy,,,0,Train,1,2,G3,1,1
TCGA-HT-A5R9,TCGA-HT-A5R9-01Z-00-DX1_2.npy,,,0,Train,1,2,G3,1,1
TCGA-HT-A5R9,TCGA-HT-A5R9-01Z-00-DX1_3.npy,,,0,Train,1,2,G3,1,1
TCGA-HT-A5RB,TCGA-HT-A5RB-01Z-00-DX1_1.npy,,,0,Train,1,3,G2,0,1
TCGA-HT-A5RB,TCGA-HT-A5RB-01Z-00-DX1_2.npy,,,0,Train,1,3,G2,0,1
TCGA-HT-A5RB,TCGA-HT-A5RB-01Z-00-DX1_3.npy,,,0,Train,1,3,G2,0,1
TCGA-HT-A5RC,TCGA-HT-A5RC-01Z-00-DX1_1.npy,,,0,Valid,0,162,G3,0,0
TCGA-HT-A5RC,TCGA-HT-A5RC-01Z-00-DX1_2.npy,,,0,Train,0,162,G3,0,0
TCGA-HT-A5RC,TCGA-HT-A5RC-01Z-00-DX1_3.npy,,,0,Train,0,162,G3,0,0
TCGA-HT-A616,TCGA-HT-A616-01Z-00-DX1_1.npy,,,0,Train,1,55,G2,0,1
TCGA-HT-A616,TCGA-HT-A616-01Z-00-DX1_2.npy,,,0,Valid,1,55,G2,0,1
TCGA-HT-A616,TCGA-HT-A616-01Z-00-DX1_3.npy,,,0,Train,1,55,G2,0,1
TCGA-HT-A618,TCGA-HT-A618-01Z-00-DX1_1.npy,,,0,Train,1,512,G3,0,1
TCGA-HT-A74O,TCGA-HT-A74O-01Z-00-DX1_1.npy,,,0,Train,1,3,G3,0,1
TCGA-HT-A74O,TCGA-HT-A74O-01Z-00-DX1_2.npy,,,0,Train,1,3,G3,0,1
TCGA-HT-A74O,TCGA-HT-A74O-01Z-00-DX1_3.npy,,,0,Train,1,3,G3,0,1
TCGA-HW-7487,TCGA-HW-7487-01Z-00-DX1_1.npy,,,0,Train,1,1382,G2,1,1
TCGA-HW-7487,TCGA-HW-7487-01Z-00-DX1_2.npy,,,0,Train,1,1382,G2,1,1
TCGA-HW-7487,TCGA-HW-7487-01Z-00-DX1_3.npy,,,0,Train,1,1382,G2,1,1
TCGA-HW-7489,TCGA-HW-7489-01Z-00-DX1_1.npy,,,0,Valid,0,1262,G2,0,1
TCGA-HW-7489,TCGA-HW-7489-01Z-00-DX1_2.npy,,,0,Train,0,1262,G2,0,1
TCGA-HW-7489,TCGA-HW-7489-01Z-00-DX1_3.npy,,,0,Train,0,1262,G2,0,1
TCGA-HW-7490,TCGA-HW-7490-01Z-00-DX1_1.npy,,,0,Train,1,1387,G2,0,1
TCGA-HW-7490,TCGA-HW-7490-01Z-00-DX1_2.npy,,,0,Train,1,1387,G2,0,1
TCGA-HW-7490,TCGA-HW-7490-01Z-00-DX1_3.npy,,,0,Valid,1,1387,G2,0,1
TCGA-HW-7491,TCGA-HW-7491-01Z-00-DX1_1.npy,,,0,Train,1,2078,G2,1,1
TCGA-HW-7493,TCGA-HW-7493-01Z-00-DX1_1.npy,,,0,Train,1,2107,G2,-1,-1
TCGA-HW-7493,TCGA-HW-7493-01Z-00-DX1_2.npy,,,0,Train,1,2107,G2,-1,-1
TCGA-HW-7493,TCGA-HW-7493-01Z-00-DX1_3.npy,,,0,Train,1,2107,G2,-1,-1
TCGA-HW-7495,TCGA-HW-7495-01Z-00-DX1_1.npy,,,0,Train,1,1078,G2,1,1
TCGA-HW-7495,TCGA-HW-7495-01Z-00-DX1_2.npy,,,0,Valid,1,1078,G2,1,1
TCGA-HW-7495,TCGA-HW-7495-01Z-00-DX1_3.npy,,,0,Train,1,1078,G2,1,1
TCGA-HW-8321,TCGA-HW-8321-01Z-00-DX1_1.npy,,,0,Valid,1,1294,G3,0,1
TCGA-HW-8321,TCGA-HW-8321-01Z-00-DX1_2.npy,,,0,Train,1,1294,G3,0,1
TCGA-HW-8321,TCGA-HW-8321-01Z-00-DX1_3.npy,,,0,Train,1,1294,G3,0,1
TCGA-HW-8322,TCGA-HW-8322-01Z-00-DX1_1.npy,,,0,Train,1,758,G2,1,1
TCGA-HW-8322,TCGA-HW-8322-01Z-00-DX1_2.npy,,,0,Train,1,758,G2,1,1
TCGA-HW-8322,TCGA-HW-8322-01Z-00-DX1_3.npy,,,0,Train,1,758,G2,1,1
TCGA-HW-A5KK,TCGA-HW-A5KK-01Z-00-DX1_1.npy,,,0,Train,0,388,G3,0,0
TCGA-HW-A5KK,TCGA-HW-A5KK-01Z-00-DX1_2.npy,,,0,Train,0,388,G3,0,0
TCGA-HW-A5KK,TCGA-HW-A5KK-01Z-00-DX1_3.npy,,,0,Train,0,388,G3,0,0
TCGA-HW-A5KL,TCGA-HW-A5KL-01Z-00-DX1_1.npy,,,0,Valid,1,878,G2,0,1
TCGA-HW-A5KL,TCGA-HW-A5KL-01Z-00-DX1_2.npy,,,0,Train,1,878,G2,0,1
TCGA-HW-A5KL,TCGA-HW-A5KL-01Z-00-DX1_3.npy,,,0,Train,1,878,G2,0,1
TCGA-KT-A7W1,TCGA-KT-A7W1-01Z-00-DX1_1.npy,,,0,Train,1,438,G3,0,0
TCGA-KT-A7W1,TCGA-KT-A7W1-01Z-00-DX1_2.npy,,,0,Train,1,438,G3,0,0
TCGA-QH-A65S,TCGA-QH-A65S-01Z-00-DX1_1.npy,,,0,Train,1,77,G2,0,1
TCGA-QH-A65S,TCGA-QH-A65S-01Z-00-DX1_2.npy,,,0,Valid,1,77,G2,0,1
TCGA-QH-A65S,TCGA-QH-A65S-01Z-00-DX1_3.npy,,,0,Train,1,77,G2,0,1
TCGA-QH-A65X,TCGA-QH-A65X-01Z-00-DX1_1.npy,,,0,Train,1,482,G3,1,1
TCGA-QH-A65X,TCGA-QH-A65X-01Z-00-DX1_2.npy,,,0,Valid,1,482,G3,1,1
TCGA-QH-A65X,TCGA-QH-A65X-01Z-00-DX1_3.npy,,,0,Train,1,482,G3,1,1
TCGA-QH-A6CV,TCGA-QH-A6CV-01Z-00-DX1_1.npy,,,0,Train,1,442,G3,0,0
TCGA-QH-A6CV,TCGA-QH-A6CV-01Z-00-DX1_2.npy,,,0,Train,1,442,G3,0,0
TCGA-QH-A6CV,TCGA-QH-A6CV-01Z-00-DX1_3.npy,,,0,Valid,1,442,G3,0,0
TCGA-QH-A6CW,TCGA-QH-A6CW-01Z-00-DX1_1.npy,,,0,Valid,1,414,G3,0,1
TCGA-QH-A6CW,TCGA-QH-A6CW-01Z-00-DX1_2.npy,,,0,Train,1,414,G3,0,1
TCGA-QH-A6CW,TCGA-QH-A6CW-01Z-00-DX1_3.npy,,,0,Train,1,414,G3,0,1
TCGA-QH-A6CX,TCGA-QH-A6CX-01Z-00-DX1_1.npy,,,0,Train,0,372,G2,0,0
TCGA-QH-A6CX,TCGA-QH-A6CX-01Z-00-DX1_2.npy,,,0,Valid,0,372,G2,0,0
TCGA-QH-A6CX,TCGA-QH-A6CX-01Z-00-DX1_3.npy,,,0,Train,0,372,G2,0,0
TCGA-QH-A6CY,TCGA-QH-A6CY-01Z-00-DX1_1.npy,,,0,Train,1,408,G3,1,1
TCGA-QH-A6CY,TCGA-QH-A6CY-01Z-00-DX1_2.npy,,,0,Train,1,408,G3,1,1
TCGA-QH-A6CY,TCGA-QH-A6CY-01Z-00-DX1_3.npy,,,0,Train,1,408,G3,1,1
TCGA-QH-A6CZ,TCGA-QH-A6CZ-01Z-00-DX1_1.npy,,,0,Train,1,279,G2,1,1
TCGA-QH-A6CZ,TCGA-QH-A6CZ-01Z-00-DX1_2.npy,,,0,Train,1,279,G2,1,1
TCGA-QH-A6CZ,TCGA-QH-A6CZ-01Z-00-DX1_3.npy,,,0,Valid,1,279,G2,1,1
TCGA-QH-A6X3,TCGA-QH-A6X3-01Z-00-DX1_1.npy,,,0,Train,1,313,G2,0,1
TCGA-QH-A6X3,TCGA-QH-A6X3-01Z-00-DX1_2.npy,,,0,Train,1,313,G2,0,1
TCGA-QH-A6X3,TCGA-QH-A6X3-01Z-00-DX1_3.npy,,,0,Valid,1,313,G2,0,1
TCGA-QH-A6X5,TCGA-QH-A6X5-01Z-00-DX1_1.npy,,,0,Train,1,497,G2,1,1
TCGA-QH-A6X5,TCGA-QH-A6X5-01Z-00-DX1_2.npy,,,0,Train,1,497,G2,1,1
TCGA-QH-A6X5,TCGA-QH-A6X5-01Z-00-DX1_3.npy,,,0,Train,1,497,G2,1,1
TCGA-QH-A6X9,TCGA-QH-A6X9-01Z-00-DX1_1.npy,,,0,Valid,1,58,G2,0,1
TCGA-QH-A6X9,TCGA-QH-A6X9-01Z-00-DX1_2.npy,,,0,Valid,1,58,G2,0,1
TCGA-QH-A6X9,TCGA-QH-A6X9-01Z-00-DX1_3.npy,,,0,Train,1,58,G2,0,1
TCGA-QH-A6XA,TCGA-QH-A6XA-01Z-00-DX1_1.npy,,,0,Train,1,502,G2,0,1
TCGA-QH-A6XA,TCGA-QH-A6XA-01Z-00-DX1_2.npy,,,0,Train,1,502,G2,0,1
TCGA-QH-A6XA,TCGA-QH-A6XA-01Z-00-DX1_3.npy,,,0,Train,1,502,G2,0,1
TCGA-QH-A6XC,TCGA-QH-A6XC-01Z-00-DX1_1.npy,,,0,Train,1,508,G3,0,0
TCGA-QH-A6XC,TCGA-QH-A6XC-01Z-00-DX1_2.npy,,,0,Train,1,508,G3,0,0
TCGA-QH-A870,TCGA-QH-A870-01Z-00-DX1_1.npy,,,0,Train,1,395,G3,0,1
TCGA-QH-A870,TCGA-QH-A870-01Z-00-DX1_2.npy,,,0,Valid,1,395,G3,0,1
TCGA-QH-A870,TCGA-QH-A870-01Z-00-DX1_3.npy,,,0,Valid,1,395,G3,0,1
TCGA-S9-A6TS,TCGA-S9-A6TS-01Z-00-DX1_1.npy,,,0,Train,0,1891,G3,0,1
TCGA-S9-A6TS,TCGA-S9-A6TS-01Z-00-DX1_2.npy,,,0,Train,0,1891,G3,0,1
TCGA-S9-A6TS,TCGA-S9-A6TS-01Z-00-DX1_3.npy,,,0,Train,0,1891,G3,0,1
TCGA-S9-A6TU,TCGA-S9-A6TU-01Z-00-DX1_1.npy,,,0,Valid,1,2650,G2,0,1
TCGA-S9-A6TX,TCGA-S9-A6TX-01Z-00-DX1_1.npy,,,0,Train,1,1245,G3,1,1
TCGA-S9-A6TX,TCGA-S9-A6TX-01Z-00-DX1_2.npy,,,0,Train,1,1245,G3,1,1
TCGA-S9-A6TX,TCGA-S9-A6TX-01Z-00-DX1_3.npy,,,0,Train,1,1245,G3,1,1
TCGA-S9-A6TY,TCGA-S9-A6TY-01Z-00-DX1_1.npy,,,0,Valid,1,1076,G2,1,1
TCGA-S9-A6TY,TCGA-S9-A6TY-01Z-00-DX1_2.npy,,,0,Train,1,1076,G2,1,1
TCGA-S9-A6TY,TCGA-S9-A6TY-01Z-00-DX1_3.npy,,,0,Train,1,1076,G2,1,1
TCGA-S9-A6U0,TCGA-S9-A6U0-01Z-00-DX1_1.npy,,,0,Train,0,742,G3,0,0
TCGA-S9-A6U0,TCGA-S9-A6U0-01Z-00-DX1_2.npy,,,0,Train,0,742,G3,0,0
TCGA-S9-A6U0,TCGA-S9-A6U0-01Z-00-DX1_3.npy,,,0,Valid,0,742,G3,0,0
TCGA-S9-A6U9,TCGA-S9-A6U9-01Z-00-DX1_1.npy,,,0,Train,1,2918,G3,0,1
TCGA-S9-A6U9,TCGA-S9-A6U9-01Z-00-DX1_2.npy,,,0,Train,1,2918,G3,0,1
TCGA-S9-A6U9,TCGA-S9-A6U9-01Z-00-DX1_3.npy,,,0,Train,1,2918,G3,0,1
TCGA-S9-A6UA,TCGA-S9-A6UA-01Z-00-DX1_1.npy,,,0,Train,0,178,G3,0,0
TCGA-S9-A6UB,TCGA-S9-A6UB-01Z-00-DX1_1.npy,,,0,Train,1,3761,G2,1,1
TCGA-S9-A6UB,TCGA-S9-A6UB-01Z-00-DX1_2.npy,,,0,Train,1,3761,G2,1,1
TCGA-S9-A6UB,TCGA-S9-A6UB-01Z-00-DX1_3.npy,,,0,Train,1,3761,G2,1,1
TCGA-S9-A6WD,TCGA-S9-A6WD-01Z-00-DX1_1.npy,,,0,Train,1,2289,G3,1,1
TCGA-S9-A6WD,TCGA-S9-A6WD-01Z-00-DX1_2.npy,,,0,Train,1,2289,G3,1,1
TCGA-S9-A6WD,TCGA-S9-A6WD-01Z-00-DX1_3.npy,,,0,Train,1,2289,G3,1,1
TCGA-S9-A6WE,TCGA-S9-A6WE-01Z-00-DX1_1.npy,,,0,Valid,1,4113,G2,1,1
TCGA-S9-A6WE,TCGA-S9-A6WE-01Z-00-DX1_2.npy,,,0,Valid,1,4113,G2,1,1
TCGA-S9-A6WE,TCGA-S9-A6WE-01Z-00-DX1_3.npy,,,0,Train,1,4113,G2,1,1
TCGA-S9-A6WG,TCGA-S9-A6WG-01Z-00-DX1_1.npy,,,0,Train,1,2602,G3,0,1
TCGA-S9-A6WG,TCGA-S9-A6WG-01Z-00-DX1_2.npy,,,0,Train,1,2602,G3,0,1
TCGA-S9-A6WG,TCGA-S9-A6WG-01Z-00-DX1_3.npy,,,0,Valid,1,2602,G3,0,1
TCGA-S9-A6WI,TCGA-S9-A6WI-01Z-00-DX1_1.npy,,,0,Valid,1,2585,G2,0,1
TCGA-S9-A6WI,TCGA-S9-A6WI-01Z-00-DX1_2.npy,,,0,Train,1,2585,G2,0,1
TCGA-S9-A6WI,TCGA-S9-A6WI-01Z-00-DX1_3.npy,,,0,Train,1,2585,G2,0,1
TCGA-S9-A6WL,TCGA-S9-A6WL-01Z-00-DX1_1.npy,,,0,Train,1,946,G3,1,1
TCGA-S9-A6WM,TCGA-S9-A6WM-01Z-00-DX1_1.npy,,,0,Train,1,604,G3,0,0
TCGA-S9-A6WM,TCGA-S9-A6WM-01Z-00-DX1_2.npy,,,0,Train,1,604,G3,0,0
TCGA-S9-A6WM,TCGA-S9-A6WM-01Z-00-DX1_3.npy,,,0,Train,1,604,G3,0,0
TCGA-S9-A6WN,TCGA-S9-A6WN-01Z-00-DX1_1.npy,,,0,Train,1,805,G3,1,1
TCGA-S9-A6WN,TCGA-S9-A6WN-01Z-00-DX1_2.npy,,,0,Train,1,805,G3,1,1
TCGA-S9-A6WN,TCGA-S9-A6WN-01Z-00-DX1_3.npy,,,0,Train,1,805,G3,1,1
TCGA-S9-A6WO,TCGA-S9-A6WO-01Z-00-DX1_1.npy,,,0,Valid,1,566,G2,0,1
TCGA-S9-A6WQ,TCGA-S9-A6WQ-01Z-00-DX1_1.npy,,,0,Train,1,428,G2,0,1
TCGA-S9-A6WQ,TCGA-S9-A6WQ-01Z-00-DX1_2.npy,,,0,Valid,1,428,G2,0,1
TCGA-S9-A6WQ,TCGA-S9-A6WQ-01Z-00-DX1_3.npy,,,0,Train,1,428,G2,0,1
TCGA-S9-A7IQ,TCGA-S9-A7IQ-01Z-00-DX1_1.npy,,,0,Train,1,1099,G2,1,1
TCGA-S9-A7IQ,TCGA-S9-A7IQ-01Z-00-DX1_2.npy,,,0,Valid,1,1099,G2,1,1
TCGA-S9-A7IQ,TCGA-S9-A7IQ-01Z-00-DX1_3.npy,,,0,Train,1,1099,G2,1,1
TCGA-S9-A7IY,TCGA-S9-A7IY-01Z-00-DX1_1.npy,,,0,Valid,1,715,G3,1,1
TCGA-S9-A7IY,TCGA-S9-A7IY-01Z-00-DX1_2.npy,,,0,Valid,1,715,G3,1,1
TCGA-S9-A7IY,TCGA-S9-A7IY-01Z-00-DX1_3.npy,,,0,Valid,1,715,G3,1,1
TCGA-S9-A7IZ,TCGA-S9-A7IZ-01Z-00-DX1_1.npy,,,0,Train,1,608,G3,0,1
TCGA-S9-A7IZ,TCGA-S9-A7IZ-01Z-00-DX1_2.npy,,,0,Valid,1,608,G3,0,1
TCGA-S9-A7IZ,TCGA-S9-A7IZ-01Z-00-DX1_3.npy,,,0,Train,1,608,G3,0,1
TCGA-S9-A7J2,TCGA-S9-A7J2-01Z-00-DX1_1.npy,,,0,Train,1,62,G3,1,1
TCGA-S9-A7J2,TCGA-S9-A7J2-01Z-00-DX1_2.npy,,,0,Train,1,62,G3,1,1
TCGA-S9-A7J2,TCGA-S9-A7J2-01Z-00-DX1_3.npy,,,0,Train,1,62,G3,1,1
TCGA-S9-A7J3,TCGA-S9-A7J3-01Z-00-DX1_1.npy,,,0,Train,1,629,G3,1,1
TCGA-S9-A7J3,TCGA-S9-A7J3-01Z-00-DX1_2.npy,,,0,Train,1,629,G3,1,1
TCGA-S9-A7QW,TCGA-S9-A7QW-01Z-00-DX1_1.npy,,,0,Train,1,458,G3,0,1
TCGA-S9-A7QX,TCGA-S9-A7QX-01Z-00-DX1_1.npy,,,0,Train,1,564,G3,0,1
TCGA-S9-A7QX,TCGA-S9-A7QX-01Z-00-DX1_2.npy,,,0,Train,1,564,G3,0,1
TCGA-S9-A7QX,TCGA-S9-A7QX-01Z-00-DX1_3.npy,,,0,Train,1,564,G3,0,1
TCGA-S9-A7R1,TCGA-S9-A7R1-01Z-00-DX1_1.npy,,,0,Train,0,5166,G2,1,1
TCGA-S9-A7R1,TCGA-S9-A7R1-01Z-00-DX1_2.npy,,,0,Train,0,5166,G2,1,1
TCGA-S9-A7R1,TCGA-S9-A7R1-01Z-00-DX1_3.npy,,,0,Train,0,5166,G2,1,1
TCGA-S9-A7R3,TCGA-S9-A7R3-01Z-00-DX1_1.npy,,,0,Train,1,3013,G2,0,1
TCGA-S9-A7R3,TCGA-S9-A7R3-01Z-00-DX1_2.npy,,,0,Train,1,3013,G2,0,1
TCGA-S9-A7R3,TCGA-S9-A7R3-01Z-00-DX1_3.npy,,,0,Train,1,3013,G2,0,1
TCGA-S9-A7R4,TCGA-S9-A7R4-01Z-00-DX1_1.npy,,,0,Train,1,914,G3,0,1
TCGA-S9-A7R4,TCGA-S9-A7R4-01Z-00-DX1_2.npy,,,0,Train,1,914,G3,0,1
TCGA-S9-A7R4,TCGA-S9-A7R4-01Z-00-DX1_3.npy,,,0,Train,1,914,G3,0,1
TCGA-S9-A7R7,TCGA-S9-A7R7-01Z-00-DX1_1.npy,,,0,Train,1,3000,G2,0,1
TCGA-S9-A7R7,TCGA-S9-A7R7-01Z-00-DX1_2.npy,,,0,Valid,1,3000,G2,0,1
TCGA-S9-A7R7,TCGA-S9-A7R7-01Z-00-DX1_3.npy,,,0,Train,1,3000,G2,0,1
TCGA-S9-A7R8,TCGA-S9-A7R8-01Z-00-DX1_1.npy,,,0,Valid,0,961,G3,0,1
TCGA-S9-A7R8,TCGA-S9-A7R8-01Z-00-DX1_2.npy,,,0,Train,0,961,G3,0,1
TCGA-S9-A7R8,TCGA-S9-A7R8-01Z-00-DX1_3.npy,,,0,Train,0,961,G3,0,1
TCGA-TM-A7C3,TCGA-TM-A7C3-01Z-00-DX1_1.npy,,,0,Valid,0,1666,G3,0,0
TCGA-TM-A7C3,TCGA-TM-A7C3-01Z-00-DX1_2.npy,,,0,Valid,0,1666,G3,0,0
TCGA-TM-A7C3,TCGA-TM-A7C3-01Z-00-DX1_3.npy,,,0,Train,0,1666,G3,0,0
TCGA-TM-A7C4,TCGA-TM-A7C4-01Z-00-DX1_1.npy,,,0,Train,1,1470,G2,0,1
TCGA-TM-A7C4,TCGA-TM-A7C4-01Z-00-DX1_2.npy,,,0,Train,1,1470,G2,0,1
TCGA-TM-A7C4,TCGA-TM-A7C4-01Z-00-DX1_3.npy,,,0,Train,1,1470,G2,0,1
TCGA-TM-A7C5,TCGA-TM-A7C5-01Z-00-DX1_1.npy,,,0,Valid,1,1500,G2,1,1
TCGA-TM-A7C5,TCGA-TM-A7C5-01Z-00-DX1_2.npy,,,0,Train,1,1500,G2,1,1
TCGA-TM-A7C5,TCGA-TM-A7C5-01Z-00-DX1_3.npy,,,0,Train,1,1500,G2,1,1
TCGA-TM-A7CA,TCGA-TM-A7CA-01Z-00-DX1_1.npy,,,0,Valid,1,1058,G2,0,1
TCGA-TM-A7CA,TCGA-TM-A7CA-01Z-00-DX1_2.npy,,,0,Train,1,1058,G2,0,1
TCGA-TM-A7CA,TCGA-TM-A7CA-01Z-00-DX1_3.npy,,,0,Valid,1,1058,G2,0,1
TCGA-TM-A84B,TCGA-TM-A84B-01Z-00-DX1_1.npy,,,0,Train,0,758,G3,0,0
TCGA-TM-A84B,TCGA-TM-A84B-01Z-00-DX1_2.npy,,,0,Train,0,758,G3,0,0
TCGA-TM-A84B,TCGA-TM-A84B-01Z-00-DX1_3.npy,,,0,Train,0,758,G3,0,0
TCGA-TM-A84C,TCGA-TM-A84C-01Z-00-DX1_1.npy,,,0,Train,0,492,G2,0,0
TCGA-TM-A84G,TCGA-TM-A84G-01Z-00-DX1_1.npy,,,0,Train,1,1236,G3,1,1
TCGA-TM-A84G,TCGA-TM-A84G-01Z-00-DX1_2.npy,,,0,Valid,1,1236,G3,1,1
TCGA-TM-A84G,TCGA-TM-A84G-01Z-00-DX1_3.npy,,,0,Train,1,1236,G3,1,1
TCGA-TM-A84J,TCGA-TM-A84J-01Z-00-DX2_1.npy,,,0,Train,1,735,G3,0,0
TCGA-TM-A84J,TCGA-TM-A84J-01Z-00-DX2_2.npy,,,0,Valid,1,735,G3,0,0
TCGA-TM-A84J,TCGA-TM-A84J-01Z-00-DX2_3.npy,,,0,Train,1,735,G3,0,0
TCGA-TM-A84L,TCGA-TM-A84L-01Z-00-DX1_1.npy,,,0,Valid,0,1242,G2,0,1
TCGA-TM-A84L,TCGA-TM-A84L-01Z-00-DX1_2.npy,,,0,Train,0,1242,G2,0,1
TCGA-TM-A84L,TCGA-TM-A84L-01Z-00-DX1_3.npy,,,0,Train,0,1242,G2,0,1
TCGA-TM-A84O,TCGA-TM-A84O-01Z-00-DX1_1.npy,,,0,Train,0,1011,G3,1,1
TCGA-TM-A84O,TCGA-TM-A84O-01Z-00-DX1_2.npy,,,0,Train,0,1011,G3,1,1
TCGA-TM-A84O,TCGA-TM-A84O-01Z-00-DX1_3.npy,,,0,Train,0,1011,G3,1,1
TCGA-TM-A84R,TCGA-TM-A84R-01Z-00-DX1_1.npy,,,0,Valid,1,566,G2,1,1
TCGA-TM-A84R,TCGA-TM-A84R-01Z-00-DX1_2.npy,,,0,Valid,1,566,G2,1,1
TCGA-TM-A84R,TCGA-TM-A84R-01Z-00-DX1_3.npy,,,0,Train,1,566,G2,1,1
TCGA-TM-A84S,TCGA-TM-A84S-01Z-00-DX1_1.npy,,,0,Train,1,454,G3,1,1
TCGA-TM-A84S,TCGA-TM-A84S-01Z-00-DX1_2.npy,,,0,Train,1,454,G3,1,1
TCGA-TM-A84S,TCGA-TM-A84S-01Z-00-DX1_3.npy,,,0,Train,1,454,G3,1,1
TCGA-TM-A84T,TCGA-TM-A84T-01Z-00-DX1_1.npy,,,0,Valid,1,724,G2,0,1
TCGA-TM-A84T,TCGA-TM-A84T-01Z-00-DX1_2.npy,,,0,Train,1,724,G2,0,1
TCGA-TM-A84T,TCGA-TM-A84T-01Z-00-DX1_3.npy,,,0,Train,1,724,G2,0,1
TCGA-VV-A86M,TCGA-VV-A86M-01Z-00-DX1_1.npy,,,0,Train,1,487,G3,0,1
TCGA-VV-A86M,TCGA-VV-A86M-01Z-00-DX1_2.npy,,,0,Train,1,487,G3,0,1
TCGA-VV-A86M,TCGA-VV-A86M-01Z-00-DX1_3.npy,,,0,Train,1,487,G3,0,1
TCGA-WY-A858,TCGA-WY-A858-01Z-00-DX1_1.npy,,,0,Train,1,1337,G3,0,1
TCGA-WY-A858,TCGA-WY-A858-01Z-00-DX1_2.npy,,,0,Train,1,1337,G3,0,1
TCGA-WY-A858,TCGA-WY-A858-01Z-00-DX1_3.npy,,,0,Train,1,1337,G3,0,1
